min_df,max_df,max_features,accuracy
0.6212996677946686,0.7136047772986127,1159,0.5492857142857143
0.7261280685098794,0.7558557748341683,1266,0.5585714285714285
0.015422025796901995,0.6944959303377022,876,0.8221428571428571
0.023043232349143405,0.9043657177483133,1244,0.8307142857142857
0.218746567459994,0.7503879759943195,1126,0.7757142857142857
0.6523488868002434,0.783133245646626,250,0.5692857142857142
0.1249250699333031,0.5093998203754825,285,0.8035714285714287
0.059503161308204544,0.6495516301870096,665,0.8342857142857143
0.4988034610233585,0.9556919768004426,732,0.6992857142857143
0.47620153536905174,0.625763087925915,795,0.6992857142857143
0.14105908674004125,0.401907736231512,1347,0.7885714285714286
0.06735614056733602,0.11670256291807957,1056,0.7614285714285716
0.2601826006710263,0.39491849438842275,206,0.7178571428571429
0.17077163567725462,0.9350252112366433,894,0.7928571428571427
0.09878526848434277,0.5208036197139291,77,0.7371428571428573
0.19187352473764796,0.6681521208300081,1332,0.7728571428571428
0.4596836637591428,0.8554219493788418,686,0.7107142857142859
0.31340602307006504,0.31629178972815997,854,0.5278571428571427
0.7482962156858013,0.8315221612405701,1288,0.5142857142857142
0.6287626983184426,0.8162018731149501,937,0.5692857142857142
0.2939712687009024,0.4772356275015641,382,0.722857142857143
0.3798520644238624,0.618951763625504,125,0.7264285714285715
0.36147660360777434,0.9159112563893625,1004,0.7442857142857142
0.22632878793212252,0.9719490472170167,446,0.777142857142857
0.45075525441188163,0.9750068990290361,1192,0.7092857142857144
0.6090016068820664,0.6412865893438182,962,nan
0.08995239822519657,0.10831561168609172,876,0.6771428571428573
0.02847065585110997,0.5150028535653455,248,0.8121428571428573
0.023043232349143405,0.6967040449868744,1200,0.8285714285714288
0.218746567459994,0.666533824236685,986,0.7707142857142856
0.04682032543072995,0.783133245646626,931,0.8314285714285715
0.1249250699333031,0.4448962764819979,745,0.8057142857142856
0.40207042494637724,0.8701514175123826,714,0.7221428571428572
0.22758842518356237,0.7813959745302504,844,0.7764285714285714
0.3046695758206266,0.4425114180404523,39,0.6957142857142857
0.4988034610233585,0.8336457188288285,867,0.6992857142857143
0.42367263179788534,0.8525320204241954,1255,0.7185714285714286
0.480102617245442,0.5773291302702472,888,0.5992857142857142
0.12418394418926171,0.2886908525382154,157,0.7928571428571427
0.20393816842076595,0.7883537239575604,241,0.7778571428571429
0.3127698316177523,0.625763087925915,1167,0.7535714285714287
0.002220820138900015,0.7689028199306728,1214,0.8192857142857142
0.39704097363033924,0.418878031232411,155,0.5407142857142856
0.3448868243639389,0.39491849438842275,677,0.6478571428571429
0.17077163567725462,0.4360440346380751,894,0.7649999999999999
0.7448066405368039,0.8915678359783632,595,0.5142857142857142
0.09878526848434277,0.3457395635774385,804,0.8035714285714286
0.19397903878602962,0.543747138287606,584,0.7692857142857144
0.1747386128902777,0.5585872475900284,662,0.7757142857142857
0.3796736152708537,0.5739979919196767,1394,0.68
0.20025185515476995,0.8944557844572363,999,0.7785714285714286
0.13474724408479438,0.47804135699010564,575,0.7985714285714285
0.0007910538956637514,0.7620152179435536,978,0.8192857142857142
0.42334317974038643,0.715552061936949,448,0.7192857142857142
0.2145494273289067,0.6103743261407236,427,0.7664285714285712
0.23353319358370006,0.6332055362756971,1010,0.7714285714285715
0.06967862640037592,0.6234637903013637,1273,0.8264285714285715
0.1572821479498112,0.6495516301870096,637,0.7914285714285716
0.15884332052097216,0.5105629688863039,717,0.7792857142857145
0.09484146681559746,0.7465341271887626,613,0.8242857142857141
0.2031217269451211,0.7558557748341683,658,0.7778571428571428
0.1658675557304613,0.6485294155900025,613,0.7835714285714286
0.3137146820999373,0.7503879759943195,328,0.7542857142857141
0.1781941450813409,0.783133245646626,931,0.7928571428571429
0.35318502815422753,0.4448962764819979,775,0.667142857142857
0.14899046114897796,0.5275181472055868,988,0.7807142857142856
0.06943368526249255,0.720754958083783,444,0.81
0.17465548494242722,0.5589507482915657,39,0.6885714285714287
0.14546033383128304,0.8336457188288285,1343,0.8035714285714286
0.0015388023763340808,0.4332025182547689,926,0.8085714285714284
0.5743991117022182,0.6052061123053811,866,0.6492857142857142
0.4042245207630645,0.5110504453131319,148,0.615
0.28105013469314055,0.6097866955030267,380,0.7578571428571427
0.023390792248632053,0.4847850998531912,241,0.8071428571428573
0.06412387361557598,0.33602192867430647,1167,0.8200000000000002
0.002220820138900015,0.7689028199306728,837,0.8249999999999998
0.012425052024606087,0.4839610815670503,1081,0.8028571428571426
0.6955970202428305,0.9350252112366433,499,0.5535714285714285
0.21046483584224873,0.7081366121327467,595,0.78
0.03597214156009376,0.602158230087234,613,0.8257142857142856
0.09716200941570857,0.5107056203640501,1332,0.8171428571428572
0.4088355091829044,0.717531187284406,1198,0.7250000000000002
0.05518245797566079,0.5585872475900284,662,0.8171428571428572
0.2320111206604616,0.48198661886810346,314,0.7371428571428571
0.38586572320077717,0.43146799649128487,403,0.6399999999999999
0.014692610740485668,0.8944557844572363,622,0.8271428571428571
0.42131536513069845,0.7178509337366024,937,0.7250000000000002
0.018969544244676118,0.731075630924146,575,0.8271428571428571
0.2939712687009024,0.5166025887500978,546,0.727857142857143
0.09716200941570857,0.5107056203640501,448,0.8142857142857142
0.23746475290449987,0.4575021266841618,196,0.7357142857142858
0.23353319358370006,0.6500782116402941,533,0.7714285714285715
0.03825455454945431,0.5526025985604358,415,0.8042857142857143
0.08207456865467011,0.5245409679421721,500,0.8007142857142857
0.3519151243337233,0.6139315477102605,734,0.7335714285714285
0.21113131501925897,0.7465341271887626,450,0.7757142857142856
0.2522135397632499,0.7558557748341683,520,0.7771428571428572
0.170610971104741,0.7199074822833726,986,0.7914285714285714
0.015422025796901995,0.6944959303377022,232,0.8164285714285714
0.02847065585110997,0.5685358343231967,564,0.8107142857142858
0.16987313790172787,0.8141768944066039,599,0.7928571428571429
0.5748389162566192,0.860635755609407,417,0.6678571428571429
0.218746567459994,0.7503879759943195,225,0.7757142857142857
0.04682032543072995,0.4307947015137227,1015,0.82
0.35410999983681624,0.5915699554666146,648,0.6814285714285715
0.2572048310059414,0.5051451144045919,988,0.7428571428571431
0.5511733678612665,0.814818584613512,437,0.6835714285714285
0.3046695758206266,0.8206980976378239,624,0.76
0.02766384019197743,0.8336457188288285,1343,0.8414285714285715
0.11424997801797643,0.6260212390955561,926,0.82
0.22700336409633004,0.8961773879619799,1377,0.777142857142857
0.032021269100067196,0.7380194582643218,1369,0.8485714285714285
0.6258508900989977,0.9218471651133089,157,0.5692857142857142
0.06185410075448916,0.7900878613504903,241,0.8242857142857144
0.05557034715277637,0.6216778990083809,1167,0.8400000000000001
0.2498013721471961,0.7570515809248497,847,0.7750000000000001
0.012425052024606087,0.6032655652727164,1127,0.822857142857143
0.029006614392154573,0.6745515033638156,206,0.7964285714285715
0.17077163567725462,0.9350252112366433,1243,0.7928571428571427
0.20252346631199092,0.8125789916447498,390,0.7771428571428572
0.05301129521148096,0.5275597491080275,295,0.8107142857142856
0.6838755087918164,0.9135280524312179,284,0.5714285714285714
0.015591919787624253,0.7387920716499732,205,0.7992857142857144
0.2320111206604616,0.765915607121797,1333,0.775
0.1791365630378869,0.7447973652630879,650,0.7950000000000002
0.20542409416035734,0.8019275917670455,1297,0.7778571428571429
0.03714472611705427,0.7047246940966567,937,0.8378571428571427
0.051392198935732214,0.6921027560310611,96,0.7678571428571428
0.18409387499578012,0.7299068624704187,843,0.7885714285714286
0.1593753892930942,0.648958495527039,712,0.7928571428571429
0.2145494273289067,0.6103743261407236,1117,0.7664285714285712
0.23353319358370006,0.7684079065405255,533,0.7735714285714285
0.23125027589075237,0.6234637903013637,1232,0.7685714285714287
0.032021269100067196,0.9648256609489082,1279,0.8471428571428571
0.15846290731634838,0.697951445597649,872,0.7971428571428572
0.09484146681559746,0.722799893333467,1318,0.8242857142857143
0.45075525441188163,0.5815167533156522,1013,0.5978571428571428
0.21012044659130308,0.6927186760019683,1370,0.7799999999999999
0.015422025796901995,0.7099088837181605,1329,0.8307142857142857
0.02847065585110997,0.7879285954405675,1162,0.8392857142857143
0.16987313790172787,0.7562195801774229,599,0.7935714285714285
0.12809807480697216,0.6743047249709097,1062,0.8185714285714286
0.02303516201122391,0.7700223287856448,1154,0.8299999999999998
0.010335720767767897,0.9096115270053395,699,0.8207142857142857
0.2947562469652708,0.8360237681011259,988,0.7650000000000001
0.16944607322647642,0.7864352732212061,1255,0.7928571428571429
0.06817785969191514,0.6495516301870096,141,0.7814285714285714
0.11424997801797643,0.5731987441929898,1159,0.8085714285714286
0.12112531574712826,0.8283249754226221,888,0.8228571428571427
0.02766384019197743,0.8769274274161826,327,0.8164285714285714
0.12418394418926171,0.2886908525382154,1238,0.7899999999999999
0.07713583352857423,0.7900878613504903,241,0.8235714285714286
0.7165048255421512,0.73985415621733,1167,nan
0.1387407264261058,0.6276477501661887,1030,0.8178571428571431
0.04251642395562233,0.8088444523885903,1119,0.8414285714285713
0.2782868558433216,0.7340931719789142,515,0.7671428571428571
0.21046483584224873,0.7749816576520544,999,0.7764285714285715
0.12264494802384274,0.8204293466342119,1056,0.8228571428571427
0.04662973305284329,0.5107056203640501,1232,0.8242857142857143
0.1458795290000427,0.8947653181175076,295,0.7992857142857143
0.09121075646993798,0.5836691545697049,1043,0.8150000000000001
0.04870385598390503,0.6241616439672755,57,0.7307142857142858
0.009623211800073694,0.8120106193425192,302,0.8128571428571427
0.03714472611705427,0.8510870798909062,531,0.822857142857143
0.08079940952351172,0.7459369085655316,1362,0.8185714285714286
0.0007910538956637514,0.5378309073417156,1265,0.8057142857142856
0.0448100590199938,0.8212185864269104,871,0.8328571428571429
0.09716200941570857,0.7103112972933898,116,0.7678571428571429
0.04266392071920083,0.6913624834596007,797,0.8342857142857143
0.016150441477044475,0.6826551081090104,1187,0.8292857142857142
0.4925801339515755,0.892514189369388,1273,0.6992857142857143
0.0717753684722191,0.7380194582643218,417,0.8150000000000001
0.15846290731634838,0.7219240641052703,913,0.7964285714285713
0.6436055819743515,0.722799893333467,327,0.5492857142857143
0.45075525441188163,0.6238572196064781,1281,0.697857142857143
0.2031217269451211,0.706603346381382,658,0.7764285714285715
0.02173736590413733,0.6344918595096543,986,0.8292857142857143
0.015422025796901995,0.5698481180144638,818,0.8128571428571428
0.38122863558676745,0.6953104649078327,440,0.737142857142857
0.050667637602678894,0.7562195801774229,967,0.8400000000000001
0.18472461954580777,0.7238222564744407,444,0.7907142857142857
0.06897557911223595,0.6599045807308997,1134,0.8371428571428571
0.10801613296305651,0.783133245646626,370,0.8264285714285713
0.1721826864997043,0.8806788469433138,699,0.7899999999999999
0.02517046718061733,0.9288978173818003,991,0.8321428571428571
0.12407874034316202,0.720754958083783,1320,0.8214285714285714
0.04425360212420526,0.7539224147503696,183,0.7785714285714284
0.025700641689245907,0.64196172686775,83,0.7564285714285716
0.11424997801797643,0.719880934366186,817,0.8207142857142855
0.03268654759940509,0.7003223475333669,1220,0.845
0.02766384019197743,0.9185918449182839,1090,0.8371428571428571
0.06721040035071896,0.42298983459269596,157,0.7571428571428572
0.028848878927334898,0.7602117431714895,1340,0.8471428571428572
0.08866231231690164,0.5094288468238032,780,0.8107142857142858
0.05045743359829308,0.6925252332251743,1145,0.8371428571428571
0.12110763410669467,0.47819455888065854,1321,0.8064285714285715
0.09560018665710629,0.9350252112366433,1270,0.8242857142857141
0.07567109067341893,0.9389371921297963,601,0.8178571428571427
0.012483523339570757,0.7707658518799383,1185,0.8214285714285714
0.03597214156009376,0.6048877205424016,892,0.8357142857142859
0.005883873596665923,0.7172864337657228,1046,0.8228571428571426
0.05301129521148096,0.6450421031090716,1335,0.8407142857142856
0.04518498836639551,0.7502746576977634,1043,0.8307142857142857
0.039842350792055836,0.5780365467346473,353,0.8135714285714286
0.2320111206604616,0.5836869507707152,1309,0.7435714285714287
0.15773081207635675,0.7377194741600572,1114,0.802142857142857
0.08448179832128011,0.7175300963717492,1001,0.8249999999999998
0.12161667441736412,0.7469628395633742,1362,0.8228571428571427
0.018969544244676118,0.5987722759340234,940,0.8264285714285713
0.0007910538956637514,0.8043091078229482,825,0.8235714285714286
0.02513557104814851,0.7298479937249315,856,0.8321428571428571
0.0651264954057752,0.6652665605752298,797,0.8371428571428571
0.016150441477044475,0.5993498927859342,1208,0.8292857142857143
0.02237997317683227,0.7656783252236785,1072,0.8292857142857144
0.08834307661077045,0.7380194582643218,1369,0.8228571428571426
0.15846290731634838,0.6437364297658965,775,0.7914285714285716
0.03888901837558867,0.8423920738811821,1318,0.8457142857142858
0.45075525441188163,0.8147228671358925,923,0.7092857142857144
0.11568444262096383,0.8868566903827034,408,0.8242857142857143
0.010976659190804539,0.8866378458468572,221,0.825
0.015422025796901995,0.6585986887539635,1391,0.8321428571428573
0.02146822402195042,0.8152256394827427,554,0.8164285714285713
0.017046075396652483,0.7717554755943071,967,0.8242857142857143
0.023043232349143405,0.7293323101827133,1041,0.8285714285714287
0.06324444431417281,0.5952617095002296,232,0.8207142857142857
0.07548632388707366,0.15543173713246372,931,0.7885714285714286
0.010335720767767897,0.9096115270053395,1081,0.8264285714285715
0.04623690980126538,0.684546885552046,847,0.8328571428571429
0.015773287589376295,0.8470411896984287,1296,0.8314285714285716
0.06459231450962244,0.6487968773429245,367,0.8221428571428572
0.059503161308204544,0.6556853036864659,665,0.8342857142857143
0.01956617965274071,0.6572526108246775,817,0.8271428571428571
0.03268654759940509,0.7117451505515491,637,0.8300000000000001
0.02116666455637478,0.7198993707391266,512,0.8228571428571427
0.19045077704476054,0.9237751467645996,790,0.7807142857142858
0.018420475581324758,0.6816822885482453,1228,0.8328571428571429
0.016495670616387792,0.878178467596406,700,0.8221428571428571
0.002220820138900015,0.5827883061749115,899,0.8107142857142856
0.4351663576742127,0.47819455888065854,341,0.5371428571428571
0.04413711152130434,0.9350252112366433,1396,0.8392857142857142
0.009767262657989717,0.9389371921297963,250,0.8157142857142858
0.07145745167917938,0.6624408220132351,1378,0.8285714285714284
0.03597214156009376,0.5233777586252822,826,0.8235714285714285
0.04662973305284329,0.6302346631349891,945,0.8307142857142856
0.019066866276413796,0.8195087480823693,158,0.7885714285714288
0.04518498836639551,0.5325412493604846,921,0.8207142857142857
0.05518245797566079,0.8572987390034547,303,0.8242857142857143
0.026439924837556472,0.588997623748186,1333,0.8264285714285715
0.022211357957605038,0.6790386818053237,1114,0.8278571428571428
0.014692610740485668,0.657347239709801,1195,0.8200000000000002
0.020645071512208957,0.7909813428333455,1066,0.8307142857142857
0.22360421560548482,0.697966593351327,1188,0.7778571428571427
0.04267460080217089,0.8043091078229482,825,0.8364285714285714
0.03556486687893612,0.5820575898718761,462,0.8028571428571428
0.09716200941570857,0.7522561785905312,448,0.8314285714285714
0.2577085268203053,0.39392752951892773,457,0.72
0.04993177649225733,0.6575057509902309,1208,0.8357142857142856
0.06427917601619104,0.7656783252236785,205,0.8
0.05604005210159152,0.6196328680609302,573,0.8257142857142856
0.03939435828760712,0.697951445597649,872,0.8414285714285714
0.04484396748388114,0.504915216721904,759,0.8207142857142857
0.45075525441188163,0.5720150599585798,1082,0.6007142857142856
0.027745834299168104,0.7658033535791834,408,0.8228571428571427
0.02173736590413733,0.6855563943457906,1254,0.8335714285714286
0.02020811219131513,0.6585986887539635,770,0.8235714285714285
0.024560483826076285,0.7451599274843601,1184,0.8335714285714287
0.05162480627605193,0.7951882859492088,967,0.8407142857142855
0.023043232349143405,0.7498944983272857,339,0.8121428571428573
0.11725370931486323,0.5269946497573526,1134,0.807142857142857
0.03877862444832758,0.8852164055792395,758,0.837142857142857
0.035479492630934695,0.9096115270053395,890,0.8371428571428571
0.0032234888895409375,0.7389314956123051,1382,0.8199999999999998
0.04530064899512459,0.9486085368842216,1296,0.84
0.12689525019167258,0.5769268264467193,1060,0.8164285714285714
0.04336369464063505,0.6038425256517013,1218,0.8385714285714284
0.10649425010792102,0.9865776124618194,817,0.8214285714285713
0.025761411165805326,0.8907638501723533,316,0.8085714285714286
0.06789111454818142,0.8336457188288285,853,0.8392857142857143
0.05598350327317747,0.968692531190569,1374,0.8407142857142856
0.020754346905785648,0.6216778990083809,735,0.82
0.6705734418876549,0.8437426741727635,1010,0.5635714285714285
0.006183830662323919,0.7994122295756729,1119,0.8250000000000002
0.05633009435583525,0.7652905733897422,1321,0.842142857142857
0.02926820160324456,0.9350252112366433,1178,0.8435714285714285
0.02304199783887223,0.9045326536236129,601,0.8292857142857142
0.07145745167917938,0.487238138208921,1348,0.8128571428571427
0.006306790180636679,0.6048877205424016,892,0.82
0.04662973305284329,0.7585830283806273,1130,0.8392857142857143
0.03445535151855039,0.9362126653631465,372,0.8235714285714284
0.0180447533071032,0.7695855824188672,303,0.8121428571428572
0.006575916083202127,0.8583360735762997,1017,0.8178571428571427
0.03841785463695074,0.6790386818053237,1314,0.8471428571428572
0.00084454689933805,0.7094676903382598,746,0.817142857142857
0.04717469975501187,0.7135310985017241,1342,0.8342857142857143
0.018969544244676118,0.7564665796222946,926,0.8292857142857142
0.0336376234536766,0.2862678139272503,1239,0.8192857142857142
0.04031939350107089,0.8212185864269104,559,0.8278571428571428
0.06256399561759379,0.6255406741243733,271,0.8150000000000001
0.062303827869754747,0.6652665605752298,1297,0.8378571428571429
0.03761881918375004,0.7360409822837722,1078,0.8407142857142855
0.04735082309464028,0.9318037687490333,983,0.8342857142857142
0.050688278251448504,0.7380194582643218,675,0.8342857142857143
0.09145063956796518,0.7850853373848276,885,0.8249999999999998
0.04989706993018961,0.8160360404662338,390,0.8264285714285713
0.04726296465829932,0.8147228671358925,1149,0.8371428571428571
0.018378189936884504,0.8868566903827034,408,0.8192857142857144
0.06422975721669433,0.45810077179098513,1254,0.8185714285714286
0.044239102196772295,0.4992653416395918,1391,0.8271428571428571
0.00988366358911602,0.7879285954405675,890,0.822857142857143
0.05162480627605193,0.9602370103957293,408,0.8214285714285713
0.4631767176242637,0.5533123546285983,504,0.5842857142857143
0.02379526344389521,0.9291734108803457,1351,0.8385714285714286
0.043288488194070385,0.9096115270053395,1202,0.8421428571428572
0.04623690980126538,0.799166400630135,847,0.8307142857142857
0.04979694882930974,0.9486085368842216,423,0.8214285714285713
0.5371093985319343,0.5576715770135224,1379,0.5071428571428571
0.04336369464063505,0.777137262703662,886,0.8328571428571429
0.035613141610863985,0.6572526108246775,817,0.8314285714285714
0.040290090311927707,0.7478323165694357,1320,0.85
0.04604008878740046,0.6049251341359403,688,0.8300000000000001
0.12418394418926171,0.8016050953061007,901,0.8228571428571427
0.020651720058548706,0.8792794227916162,913,0.8271428571428571
0.09250008857629083,0.6216778990083809,847,0.8264285714285715
0.0466668255332528,0.7923059832485879,1245,0.8392857142857142
0.0663657128492065,0.84396827484335,294,0.8242857142857143
0.05633009435583525,0.8530083122603128,1298,0.8407142857142856
0.02926820160324456,0.8086546585094837,1398,0.8457142857142858
0.02867448115120469,0.9045326536236129,877,0.8392857142857143
0.012900853119823252,0.7457365999621147,1118,0.8264285714285715
0.03990600079070461,0.981145079500485,465,0.8257142857142857
0.07008193135920843,0.5671324208040889,1130,0.8164285714285714
0.03837210983054612,0.40644353853495346,1243,0.8264285714285713
0.012186826678116158,0.7502746576977634,1264,0.8235714285714285
0.025787997728943246,0.694077567480733,160,0.7878571428571429
0.08079743466167644,0.588997623748186,1252,0.8064285714285715
0.03841785463695074,0.4675976829781661,710,0.815
0.014692610740485668,0.6570618706602087,992,0.8178571428571427
0.03990600079070461,0.7047246940966567,465,0.8214285714285714
0.03210990225818322,0.7564665796222946,1110,0.8407142857142856
0.04922368095333063,0.7746856448371386,528,0.8242857142857143
0.044565741623187494,0.8893766665761129,189,0.7785714285714284
0.025543604193453584,0.6394381971579595,448,0.8171428571428572
0.06031885384126384,0.6652665605752298,1232,0.84
0.03761881918375004,0.7360409822837722,1364,0.8457142857142858
0.04735082309464028,0.7441143230731863,1368,0.8342857142857143
0.113355025597969,0.5978855139532554,536,0.8207142857142857
0.03939435828760712,0.8825607804630984,1344,0.8485714285714285
0.33893665708339415,0.6820808887624425,727,0.7364285714285714
0.04726296465829932,0.8147228671358925,239,0.8207142857142855
0.02381340691384709,0.7849508799527982,408,0.8192857142857144
0.03705648721518645,0.8249713847483708,893,0.8378571428571429
0.113355025597969,0.5978855139532554,1391,0.8207142857142857
0.02847065585110997,0.8419954335037715,468,0.8171428571428572
0.015303032592362265,0.9337543126231687,967,0.8228571428571427
0.0321453447461269,0.8626696722269411,677,0.8285714285714285
0.032612540752324504,0.7317475861690184,324,0.815
0.06783447658826708,0.6938546921142226,1150,0.8414285714285714
0.03845972383123525,0.7763338321607941,1202,0.8464285714285714
0.04243038286853307,0.684546885552046,303,0.817857142857143
0.05268127704095593,0.5042327338416633,900,0.8242857142857143
0.03690351499598238,0.8937931451628247,1090,0.84
0.07806394886608442,0.5019648696363762,172,0.7628571428571429
0.02648902833034633,0.8466308555885917,1371,0.8400000000000001
0.012705956116141726,0.8366972622042057,1369,0.8242857142857143
0.05284479717019641,0.7012996854736987,1343,0.8414285714285714
0.20742140451921198,0.7461075388989218,783,0.7771428571428572
0.043091386861504155,0.6963862625800292,1036,0.8364285714285714
0.056333681541993086,0.6216778990083809,46,0.725
0.09195732602218065,0.7825870400809735,1083,0.8249999999999998
0.01641426777048005,0.7391337848464423,1112,0.8292857142857142
0.03619870032031586,0.7641356370675496,1197,0.8457142857142858
0.02926820160324456,0.6680276822900417,884,0.8357142857142859
0.06014442878600834,0.9045326536236129,1082,0.8414285714285714
0.030392704412121607,0.6624408220132351,1342,0.8464285714285714
0.03597214156009376,0.6048877205424016,1285,0.8442857142857142
0.03363407076538566,0.706149648564217,441,0.8178571428571427
0.28349972868127515,0.6191106359774308,742,0.7607142857142857
0.05557837669262339,0.7502746576977634,901,0.8400000000000001
0.04198287255229227,0.8405211893061929,1092,0.8435714285714285
0.026439924837556472,0.6229880431138554,764,0.8285714285714285
0.026636850415955482,0.6247631143796492,772,0.8292857142857142
0.011129463669470818,0.8944557844572363,69,0.7657142857142857
0.2338346391475299,0.7047246940966567,937,0.772142857142857
0.016328111781382437,0.9058052114934916,1110,0.8278571428571428
0.04267460080217089,0.8801676380261135,613,0.8307142857142856
0.058028998725438485,0.753814245685624,1074,0.8407142857142859
0.545700471090334,0.7522561785905312,448,0.6814285714285714
0.018913704638504225,0.6652665605752298,288,0.8107142857142858
0.039866287243672804,0.6416053682671314,928,0.8407142857142856
0.06274218307000251,0.7823115529482064,953,0.8392857142857142
0.052641812478499916,0.8816923566107248,1327,0.8414285714285713
0.06349073827486656,0.7619223316491682,1057,0.8342857142857142
0.052241297952999366,0.6672161162208073,1381,0.8392857142857142
0.039071368748265445,0.8872647305034502,1366,0.8464285714285714
0.02734189627646305,0.8873241991818159,408,0.8214285714285712
0.03920290852517966,0.8722154287019949,1361,0.8464285714285714
0.06525191166561861,0.6674154043765036,1223,0.8357142857142859
0.04668223594821813,0.5669943340053962,967,0.8257142857142857
0.4855957916526873,0.6291494877332515,577,0.6992857142857143
0.059764188032825016,0.7386249397092056,1211,0.8392857142857143
0.030865667062213498,0.6938546921142226,1370,0.8435714285714286
0.017455413051356672,0.8786303335655681,697,0.8235714285714286
0.032090632899577975,0.7766646723647571,847,0.8357142857142859
0.034645782014865234,0.9486085368842216,904,0.8400000000000001
0.04951111850413609,0.6057554124449905,981,0.8349999999999999
0.038276040302806014,0.6038425256517013,1154,0.8414285714285714
0.11361898724744474,0.7131165374532151,1150,0.8207142857142855
0.06342886109000645,0.727448195662998,1167,0.8349999999999999
0.012884964205845173,0.7083207824561503,1343,0.822857142857143
0.022864290894493378,0.7313080046066133,1213,0.8285714285714287
0.028848878927334898,0.6820723828338607,1120,0.8392857142857142
0.04423801199944427,0.6216778990083809,1199,0.8371428571428571
0.04969736875423508,0.8569759051754161,1324,0.8349999999999999
0.04251642395562233,0.6529599739171676,1361,0.8442857142857141
0.03457711895128335,0.7641356370675496,1225,0.8492857142857143
0.02926820160324456,0.8257744713080433,395,0.8242857142857141
0.051823548844018796,0.48067775575601196,1357,0.8242857142857143
0.007033694321595063,0.5933042528653871,1342,0.8207142857142857
0.07158233673094605,0.7020387802545404,1285,0.8271428571428571
0.03288963540965684,0.7973305046324058,591,0.8285714285714285
0.038214788221629825,0.6321690793549176,305,0.8142857142857144
0.05557837669262339,0.6943443530115556,883,0.8428571428571427
0.029091577831130533,0.8405211893061929,943,0.8385714285714286
0.032347548855965025,0.9000440694625412,1390,0.8457142857142855
0.0459545591858328,0.7655552450517004,486,0.8178571428571427
0.038239911414174876,0.7045095379806094,622,0.8278571428571428
0.35544554636021786,0.6155996029168365,56,0.7314285714285713
0.020112005543353628,0.7564665796222946,1075,0.8307142857142856
0.035867237280246766,0.7452611082693272,825,0.8357142857142856
0.025564726516047465,0.9199302977288664,82,0.7628571428571429
0.01928272528535152,0.851616829813657,540,0.8164285714285714
0.06031885384126384,0.7674556183357092,1207,0.8428571428571427
0.04057010148416751,0.7744367594115553,1359,0.8492857142857143
0.05995376585704604,0.8937862241256844,1367,0.8421428571428572
0.04911207412381502,0.7840559872297872,1186,0.8364285714285712
0.009797510730870429,0.776962497788079,1344,0.8221428571428572
0.030788184061163126,0.8336903033964941,1285,0.8457142857142859
0.06356587280428538,0.8209073385429895,1366,0.8328571428571429
0.05922214586115487,0.8868566903827034,1228,0.84
0.032541408030801355,0.663857069520412,1316,0.8442857142857144
0.042875903363889745,0.7082555547102032,1376,0.8407142857142856
0.028154762015898616,0.6760889016205089,1388,0.8435714285714286
0.0520366581502032,0.6957997557733017,1301,0.84
0.04374082250525008,0.6624199023970059,1345,0.8371428571428571
0.05361061151437879,0.7819683814943865,1338,0.8392857142857142
0.03848206858181635,0.5982287361698941,1278,0.8428571428571429
0.039676343829729566,0.7763338321607941,1332,0.8492857142857143
0.039242338239175556,0.709333598496914,1317,0.8464285714285714
0.04418138886399692,0.737898502305419,1207,0.8385714285714286
0.023807316316454608,0.7066433124094801,911,0.8328571428571429
0.038276040302806014,0.7311149687566944,393,0.8221428571428572
0.01701880136016992,0.7154233436510121,1297,0.8314285714285715
0.032186658568274906,0.6972065234927785,1303,0.845
0.02766384019197743,0.8336457188288285,949,0.8350000000000002
0.04750688740062736,0.6456271133772387,572,0.8271428571428571
0.032939705628164284,0.7590013852145524,1275,0.8464285714285714
0.0349350411224133,0.7932588856893129,1334,0.847857142857143
0.046208736502006575,0.675564330781435,1245,0.8357142857142856
0.049944645743722926,0.6529599739171676,1305,0.8357142857142856
0.028467716846203306,0.8261681714134643,1329,0.8457142857142858
0.02926820160324456,0.7501885671564257,627,0.8335714285714286
0.044767869779890224,0.7268724628929905,601,0.8292857142857142
0.030392704412121607,0.7265798429964329,1335,0.845
0.024454021454392294,0.7313590711650927,1148,0.8314285714285715
0.028607036965924093,0.7863839010962976,1247,0.8435714285714285
0.05301129521148096,0.8039320027148646,1289,0.84
0.05557837669262339,0.7770835972913878,1264,0.8407142857142856
0.038909371293123496,0.7435405113540371,1256,0.845
0.04214442024845422,0.9000440694625412,1320,0.8435714285714286
0.03601716915126668,0.6790386818053237,483,0.8135714285714286
0.038239911414174876,0.7045095379806094,506,0.8228571428571427
0.05677286430740086,0.7047246940966567,1229,0.8414285714285714
0.03974361331776516,0.6339360247886572,1304,0.85
0.04137537620879672,0.7889528415159237,1290,0.847857142857143
0.05361061151437879,0.7819683814943865,1338,0.8392857142857142
0.05262582554167833,0.8393944843457626,1350,0.8414285714285713
0.037857695205881725,0.8710289121551242,1320,0.8471428571428572
0.04057010148416751,0.6113485366657201,339,0.8192857142857142
0.034894639482025924,0.8937862241256844,1400,0.8471428571428571
0.021682080017084215,0.8603000904762467,909,0.8271428571428571
0.030308549445265176,0.8685542852596231,613,0.8300000000000001
0.04120535182456664,0.5024335495778172,1223,0.8292857142857142
0.04076590597728452,0.5847502471993673,1316,0.8335714285714284
0.04679253278424156,0.8868566903827034,1289,0.8392857142857142
0.02285823596417058,0.7229514018956946,1128,0.8292857142857143
0.04440894930810113,0.5271080216045425,1239,0.8292857142857143
0.02246055342276232,0.8268099783788286,1349,0.8378571428571429
0.029739890809769687,0.7951882859492088,809,0.8407142857142856
0.044168627375423264,0.9263723545637592,1314,0.8392857142857142
0.04732606759726099,0.7933399886108707,1389,0.8371428571428571
0.05694419501373188,0.8238193744284058,979,0.8428571428571427
0.039676343829729566,0.66961991435092,847,0.8371428571428571
0.05823468883012517,0.6289301799695961,1306,0.8421428571428572
0.046170867540710425,0.9486085368842216,1270,0.8364285714285715
0.056357183486097195,0.6065686909332151,1243,0.8371428571428571
0.035960331013671853,0.7146131665726791,1365,0.8457142857142858
0.02648902833034633,0.8466308555885917,1225,0.8371428571428571
0.023291646344258343,0.7674137360318052,1183,0.8299999999999998
0.043812550958484575,0.7134886978590497,1362,0.8371428571428571
0.031092927627674793,0.7341377466418211,1326,0.8471428571428572
0.04548462975237766,0.7988854133463736,1155,0.8364285714285712
0.04600640277828383,0.6122161389132047,957,0.832857142857143
0.0466668255332528,0.7174127183725577,1195,0.8350000000000001
0.041252369219617835,0.7553110163903963,1361,0.8457142857142858
0.055317155629871384,0.7870212319992076,1333,0.8407142857142856
0.042367549925016235,0.8108182934418244,1345,0.8435714285714286
0.03614296906295217,0.6155136294855783,729,0.8292857142857143
0.055425170878913965,0.775094094822927,1240,0.8407142857142856
0.05691709157701863,0.8583395418902052,1085,0.8428571428571427
0.019503659293018782,0.6091158187455821,1352,0.8421428571428572
0.03833790441806484,0.7065802495733552,1104,0.8414285714285714
0.05557837669262339,0.7234657153939228,883,0.8414285714285714
0.03170572790234366,0.7435405113540371,1334,0.845
0.04087969334587144,0.9000440694625412,1280,0.8485714285714285
0.03841785463695074,0.9086153017289661,231,0.8228571428571427
0.036411553248432205,0.5692922785751122,1151,0.8314285714285714
0.033838289050739434,0.8284930302885509,1097,0.8428571428571427
0.03974361331776516,0.7427510925023796,1304,0.8521428571428572
0.019822906533784546,0.7515183816622291,248,0.8157142857142857
0.04115853581650042,0.597887811090317,1318,0.8485714285714285
0.040410460856966146,0.9068410234363043,1344,0.8492857142857143
0.0373709447726322,0.6260229729577728,1320,0.8464285714285714
0.05712979825348097,0.7744367594115553,1359,0.8428571428571427
0.046520732580149105,0.8728215932724074,1337,0.8392857142857142
0.016937125074276915,0.7989513201498508,1304,0.8357142857142859
0.03193682786382368,0.8533437147367753,1376,0.8471428571428571
0.030788184061163126,0.7496050419747827,1394,0.8457142857142859
0.039071368748265445,0.6474852978655815,1366,0.8450000000000001
0.043052908940050094,0.8950873359015095,1298,0.8414285714285714
0.03920290852517966,0.587892570865066,1337,0.8342857142857143
0.015926010977658667,0.8616076078664349,938,0.8257142857142856
0.04296893195202106,0.9601154671250657,906,0.8335714285714286
0.046901548152760375,0.7951882859492088,1282,0.8392857142857142
0.02956554565225583,0.8857462574191077,1352,0.8464285714285714
0.035467573845221145,0.8465132809162924,1086,0.8435714285714285
0.04069363666207271,0.8558605643871723,1370,0.8492857142857143
0.032511790017885844,0.6310187881341351,1332,0.8442857142857144
0.039242338239175556,0.48917066506244017,1320,0.8328571428571429
0.034645782014865234,0.901051972974797,1324,0.8485714285714286
0.014358461747962514,0.5361903647270654,718,0.7978571428571429
0.043582833413714384,0.638731090909878,1309,0.8371428571428571
0.02648902833034633,0.8595726217592884,1389,0.8385714285714286
0.04175711560535772,0.6690154582357003,1277,0.8478571428571428
0.03620537823211967,0.705504194629446,1343,0.8464285714285714
0.04546363578707929,0.7341377466418211,1207,0.8378571428571427
0.043155613055345765,0.830028694800892,600,0.8307142857142857
0.02209556719033351,0.9129214686450451,537,0.82
0.036068485490177715,0.81435891291457,1319,0.8485714285714283
0.04659093592225022,0.7569129333846618,1280,0.8392857142857142
0.03457711895128335,0.7881894972686457,1092,0.8442857142857142
0.02796809248327592,0.8270492614541478,1347,0.8450000000000001
0.04036998615492182,0.8541041283750113,1313,0.85
0.032419959786371744,0.7067480019557474,1299,0.8457142857142858
0.050430755124605264,0.5714705649203049,950,0.8250000000000002
0.028607036965924093,0.7672739446432268,1247,0.8435714285714285
0.03833790441806484,0.831867757116399,1331,0.8471428571428572
0.047296695031457114,0.5663813778720588,883,0.8257142857142857
0.036073431214035556,0.7088391650470648,1308,0.8478571428571428
0.03435405192819818,0.6626766315740198,1336,0.8485714285714285
0.0359811502509374,0.6237328075965904,1348,0.8457142857142858
0.04468972204286398,0.8629206173256474,1291,0.8407142857142856
0.024623743968075873,0.8935041802071015,118,0.7685714285714285
0.04287935347753863,0.681652940613673,1291,0.842142857142857
0.03500299196964607,0.6966187064944015,1094,0.845
0.040171317732079104,0.771263999510764,1293,0.85
0.0378827118505653,0.9068410234363043,1308,0.847857142857143
0.042334847665116415,0.7460184660628508,1282,0.8442857142857142
0.039631379245801346,0.7555916526813035,1359,0.8492857142857143
0.034894639482025924,0.5301114415359542,1280,0.8371428571428571
0.039464039101552495,0.720002824684012,1304,0.8507142857142858
0.04048892670102411,0.7249698732481541,1344,0.8507142857142858
0.030788184061163126,0.8766682290885246,1394,0.8464285714285714
0.041206022924145824,0.7964860328635155,1366,0.8471428571428572
0.04704763983257432,0.8950873359015095,1298,0.8392857142857142
0.04657729380624487,0.8722154287019949,1072,0.8335714285714284
0.043958018176010305,0.7082555547102032,1242,0.8371428571428571
0.03637840982346796,0.7596001136306962,1334,0.8478571428571428
0.029739890809769687,0.7020093667556566,107,0.77
0.02956554565225583,0.7484263934575448,1352,0.845
0.0378791377879823,0.7558067031398097,1279,0.847857142857143
0.03997148467333983,0.9289468764242135,1294,0.8507142857142858
0.042526601658590235,0.7763338321607941,1332,0.8435714285714286
0.041225650893790156,0.8649279594354228,1269,0.847857142857143
0.035184761182774804,0.6388569590291754,1342,0.8485714285714285
0.03690351499598238,0.706693381762155,1326,0.8471428571428572
0.035960331013671853,0.7144171223621592,1283,0.8471428571428571
0.042357586002519376,0.8279860741875732,1296,0.8435714285714286
0.042359003402435036,0.6845253978314019,1340,0.8464285714285714
0.03606070736781619,0.6933700660844206,1329,0.8478571428571428
0.03960743172664288,0.8134862297406725,1326,0.85
0.04119996144853655,0.7325533109578217,1323,0.847857142857143
0.04282965313441306,0.7932588856893129,1239,0.8450000000000001
0.04173758718594833,0.7707240535255768,1319,0.8471428571428572
0.042944486311448704,0.7915113414478323,1291,0.8414285714285714
0.04482308157905085,0.7641356370675496,1278,0.8407142857142856
0.02926820160324456,0.7669100294633204,1294,0.8464285714285714
0.038287265186993824,0.7529488740469374,1284,0.8485714285714286
0.030392704412121607,0.6701748558349404,1286,0.8428571428571429
0.03597214156009376,0.8978668725476585,1279,0.8485714285714283
0.043140518033551956,0.7807264910433345,1331,0.8421428571428572
0.03845459554212821,0.831867757116399,1220,0.8457142857142858
0.05557837669262339,0.5685106546730962,883,0.825
0.04522799341728828,0.841385866395709,1267,0.84
0.04896831183539463,0.6671454285664257,1255,0.8364285714285714
0.043236599208070436,0.8070042342234787,1314,0.8414285714285714
0.03560998440921237,0.8629206173256474,1243,0.8471428571428571
0.0389871856169125,0.8216045946550542,1357,0.8464285714285714
0.03542759871487483,0.8441289167385362,1329,0.8478571428571426
0.04137537620879672,0.7828565008140919,1271,0.8464285714285714
0.04415240158375078,0.623070701615534,1293,0.8371428571428571
0.03909136895172671,0.8268490023637021,1298,0.847857142857143
0.037857695205881725,0.8412842712841135,1318,0.8471428571428572
0.039588432741979374,0.6780443881787503,1288,0.85
0.03128196224897317,0.8937862241256844,1361,0.8457142857142858
0.03974361331776516,0.6157795537659049,1356,0.8507142857142855
0.045921074525792305,0.7386208072789595,1261,0.8357142857142859
0.030788184061163126,0.7129659134239634,597,0.8314285714285714
0.05114052231894789,0.7021737379890721,1397,0.8385714285714284
0.043052908940050094,0.7468651225123131,1278,0.8407142857142856
0.0400288207337719,0.8567368057391399,1360,0.8492857142857143
0.043542300344129814,0.7833992552905552,1376,0.8414285714285714
0.03628301621564228,0.779224111085712,1291,0.8485714285714283
0.03350135882868244,0.9124374032137146,1346,0.8457142857142858
0.05343508900476768,0.7585672808733084,1382,0.84
0.03908258433887374,0.786174047273378,1328,0.8457142857142858
0.05182834896792504,0.9289468764242135,1294,0.8414285714285713
0.032579599535852155,0.6712343066568761,1332,0.8435714285714286
0.037083962487921285,0.6759531425390786,1297,0.845
0.034645782014865234,0.5974060556645793,1324,0.8471428571428572
0.04295353246265421,0.8474183681481061,1326,0.8414285714285714
0.03825754401249071,0.6577730941284832,1365,0.8464285714285714
0.042357586002519376,0.7337119392883135,1267,0.8442857142857142
0.032021269100067196,0.5974060556645793,1321,0.8442857142857142
0.03606070736781619,0.6933700660844206,1360,0.8457142857142858
0.04210221812336079,0.5528133661332306,1244,0.8350000000000001
0.03954258290555146,0.6752390348297733,1321,0.8492857142857143
0.03927722216242646,0.5686614800680025,1266,0.8342857142857142
0.03799093810033871,0.81435891291457,1319,0.8471428571428572
0.039551936805303334,0.8939978587401204,1361,0.8485714285714285
0.01966542020036005,0.9410215685877477,611,0.8257142857142856
0.029192219485633775,0.6984250450693306,1227,0.8428571428571429
0.03262403297812727,0.799867523016434,1368,0.8464285714285713
0.033728592934998025,0.6624408220132351,1274,0.8464285714285713
0.03993433384145095,0.7208218209903214,1279,0.8492857142857143
0.028607036965924093,0.8046861441682043,1272,0.8457142857142858
0.03916690717721183,0.880451630537853,1371,0.8464285714285714
0.043927091091679804,0.6943443530115556,1353,0.8371428571428571
0.04823835762563866,0.5713206303483037,1228,0.8221428571428572
0.0402897060281705,0.8794979207967974,1345,0.8492857142857143
0.040742732220898414,0.7764493191028892,1314,0.8457142857142858
0.04637070790050868,0.7373831390470644,1243,0.8357142857142859
0.03599246143295365,0.516789774051472,1357,0.832142857142857
0.03414541145736594,0.6437012188502058,1352,0.847857142857143
0.0415390617224452,0.9350282265413565,1333,0.8471428571428572
0.030333241843471637,0.771263999510764,1263,0.8442857142857141
0.03751217331846751,0.7978487386793476,1207,0.847857142857143
0.044706207680080656,0.8763467353337582,1322,0.8407142857142856
0.024965421223416273,0.6780443881787503,89,0.7571428571428572
0.034894639482025924,0.6311842761543721,1328,0.8471428571428572
0.03974361331776516,0.7609644898298026,1278,0.8507142857142858
0.04048892670102411,0.7461014113630505,1305,0.8485714285714285
0.042342972643348964,0.7981162698990796,1319,0.8435714285714286
0.0427436776053034,0.7964860328635155,1342,0.8435714285714286
0.042204464078438975,0.7893829374932302,1282,0.8435714285714286
0.0400288207337719,0.6703201225560446,1310,0.8500000000000002
0.038287439947744084,0.7986968751154457,1303,0.8471428571428572
0.03628301621564228,0.803059308677967,1320,0.8485714285714283
0.03964222857865707,0.7472608995663597,1349,0.8492857142857143
0.03719228329574714,0.7038144502080839,1333,0.8471428571428572
0.03958916547174446,0.7759838153366894,1336,0.8492857142857143
0.04502332859188801,0.7049266680549086,1263,0.8378571428571429
0.03921589908897449,0.7957421385768102,1294,0.8471428571428572
0.040522463372530515,0.6705214871774309,1295,0.8507142857142858
0.036073219981716476,0.6945328995510694,1320,0.8478571428571428
0.039572871548432864,0.7861124893981765,1300,0.8514285714285713
0.04182044955920999,0.7226360977262237,1283,0.8485714285714286
0.042357586002519376,0.6169729994659948,1310,0.8442857142857141
0.048246356571744864,0.6861129414077742,1060,0.8342857142857142
0.04017186045194143,0.8814819623520096,1253,0.8507142857142858
0.0449901061000218,0.8134862297406725,1284,0.8407142857142856
0.03763636789566566,0.8243569057906894,1322,0.8485714285714286
0.04027429361878959,0.7810550235927063,1271,0.8492857142857143
0.041670201828405806,0.8642946232415796,1310,0.8471428571428572
0.039551936805303334,0.7265810367924269,1279,0.8492857142857143
0.04090927582794107,0.6391059399176638,1225,0.8464285714285714
0.03961518273151038,0.7669100294633204,1303,0.8521428571428572
0.04069086958228363,0.6475008747286115,1358,0.8500000000000002
0.03876346957477972,0.8014152083163697,1307,0.8464285714285714
0.04090284866611926,0.7208218209903214,1268,0.847857142857143
0.03731775308366814,0.8046861441682043,1272,0.8471428571428572
0.039312947615225635,0.9112410601681465,1266,0.8492857142857143
0.05557837669262339,0.6338724300594157,883,0.8407142857142856
0.03876591379164157,0.7365408852422858,1308,0.8457142857142858
0.04079574770440475,0.8794979207967974,1295,0.8471428571428572
0.04072953991550643,0.6961305497607447,1290,0.8478571428571428
0.04020352190041432,0.8382850483907507,1300,0.85
0.0352020945612066,0.6975722880095643,1329,0.847857142857143
0.040290090311927707,0.672433841649991,1267,0.85
0.04137537620879672,0.7889528415159237,1341,0.8471428571428572
0.04436034831025548,0.771263999510764,1293,0.8407142857142856
0.03909389797425378,0.6729960332669251,1290,0.8464285714285713
0.04000725521727866,0.7381268972493978,1317,0.85
0.029677230638601948,0.8068499421558406,452,0.817142857142857
0.03691061928512157,0.7288325680373964,1328,0.8464285714285714
0.039239061843210465,0.7963541111734704,1308,0.8464285714285714
0.037867775978937424,0.8301640228442505,1256,0.8471428571428572
0.040986074184018895,0.8766682290885246,1308,0.8471428571428572
0.03993556628361844,0.7120747346826616,1366,0.8485714285714286
0.03137080900235634,0.7295028630777873,1282,0.8442857142857142
0.039945312940987965,0.7015776599110832,1310,0.8507142857142858
0.038287439947744084,0.7986968751154457,1347,0.8471428571428572
0.04000228859009208,0.8569009244906993,1320,0.8492857142857143
0.04068846902548823,0.7497687003843145,1280,0.8507142857142858
0.03719228329574714,0.7537439675091581,1297,0.8485714285714286
0.039994060254258834,0.8152238077010986,1336,0.8485714285714285
0.03997148467333983,0.9289468764242135,1316,0.85
0.04843737907344814,0.7387285492042446,1066,0.8342857142857142
0.039632483354341386,0.8304407493314392,1305,0.8514285714285713
0.03934497162145767,0.6908181458662424,1324,0.8507142857142858
0.039572871548432864,0.718462754627302,1034,0.8464285714285711
0.03924283601213158,0.7166551728767389,1273,0.8457142857142858
0.03954115837409378,0.678541809394878,1322,0.8492857142857143
0.04101036687447074,0.769109263163969,1283,0.8464285714285714
0.042920463018784494,0.8069056745930334,1371,0.8414285714285714
0.038787199953505935,0.7764349057177665,1321,0.8464285714285714
0.03691410760311903,0.6752390348297733,1321,0.845
0.03951885730131893,0.7299405333213702,1271,0.8492857142857144
0.03952833832684666,0.81435891291457,1295,0.8507142857142858
0.03900523695538033,0.7604282026710577,1328,0.8457142857142858
0.03457711895128335,0.8609234677888343,1211,0.8492857142857143
0.039537959445567206,0.7280362184160455,1296,0.8507142857142858
0.04069086958228363,0.6245787172159248,1358,0.8500000000000002
0.03996010962747143,0.6939713366694666,1307,0.8507142857142858
0.03856297164877287,0.7208218209903214,1306,0.8457142857142858
0.03954645753909963,0.7647959484466325,1359,0.8492857142857143
0.04010118317250555,0.9112410601681465,1303,0.8507142857142858
0.039115438068324404,0.6882200095159604,1345,0.8464285714285714
0.042507369750992285,0.8450258387925875,1261,0.8442857142857142
0.0402897060281705,0.6648984485151602,1301,0.8507142857142858
0.03959334513408075,0.6961305497607447,1316,0.85
0.03935381919489178,0.800336683499865,1342,0.8485714285714285
0.039330068715253075,0.6975722880095643,1355,0.8507142857142858
0.03976695631611671,0.672433841649991,1264,0.85
0.03941946280914205,0.6909103607282541,1301,0.8507142857142858
0.03998292380121177,0.8820048581989085,1289,0.8507142857142858
0.0398385652076102,0.9068410234363043,1306,0.8514285714285713
0.04000725521727866,0.800531332759131,1342,0.8492857142857143
0.039588432741979374,0.7082991532830718,1288,0.8507142857142858
0.03976124945828463,0.8025726546085519,1292,0.8507142857142858
0.03974361331776516,0.7427510925023796,1304,0.8521428571428572
0.03974362331776516,0.7427510925023796,1304,0.8521428571428572
0.03974361331776516,0.7427511025023796,1304,0.8521428571428572
0.03974361331776516,0.7427510925023796,1304,0.8521428571428572