min_df;max_df;max_features;Accuracy
0,550841747;0,582172261;91;0,51
0,705857309;0,761776304;969;0,53
0,507389107;0,548562724;1245;0,54
0,400547589;0,459641447;1292;0,56
0,627109972;0,7700353;1051;0,56
0,635520244;0,691242203;1170;0,56
0,466171637;0,587010744;259;0,57
0,701906787;0,925935508;1011;0,57
0,675167654;0,875139193;648;0,58
0,668358841;0,80677327;1288;0,58
0,671818888;0,8348695;436;0,58
0,676338661;0,711900586;480;0,58
0,676338661;0,711900586;1027;0,58
0,407097298;0,523508907;572;0,58
0,627109972;0,798485979;644;0,59
0,639116595;0,833835731;730;0,59
0,627109972;0,798485979;1170;0,59
0,62920605;0,834636241;1373;0,59
0,66394694;0,872877875;1121;0,59
0,242730636;0,247495879;1365;0,60
0,064640113;0,069769556;1315;0,61
0,074393776;0,080791869;255;0,62
0,069687204;0,073189883;274;0,62
0,355716986;0,391971724;737;0,62
0,340645411;0,428070394;505;0,65
0,574065545;0,688292648;857;0,65
0,327327857;0,411769183;1128;0,66
0,221997814;0,256706146;747;0,66
0,568375268;0,60821119;1063;0,66
0,353755743;0,510731455;505;0,67
0,373488481;0,513355579;1202;0,67
0,226001536;0,268307328;694;0,67
0,520676795;0,770513592;1184;0,68
0,524131605;0,730268378;1033;0,68
0,56692181;0,752508312;543;0,69
0,517550281;0,875139193;339;0,69
0,52145438;0,966369535;803;0,69
0,571228375;0,845836667;76;0,69
0,571228375;0,807117612;76;0,69
0,480744906;0,760443381;481;0,70
0,48821976;0,999027556;1215;0,70
0,500534824;0,818526206;198;0,70
0,507071614;0,912982894;1041;0,70
0,478011004;0,730401589;272;0,70
0,585398882;0,807117612;1277;0,70
0,393678774;0,675049596;457;0,71
0,145020986;0,195392192;328;0,71
0,310012787;0,559783097;818;0,71
0,452633778;0,912982894;969;0,71
0,436652534;0,632939067;1181;0,71
0,207073707;0,267528631;826;0,72
0,412870427;0,688812025;44;0,72
0,434182688;0,943560203;844;0,72
0,402728208;0,622219998;1136;0,72
0,397152291;0,71737146;648;0,72
0,397152291;0,806166315;1114;0,72
0,468277671;0,870719348;732;0,72
0,470552228;0,94229926;1063;0,72
0,438467267;0,703457385;1067;0,72
0,10389132;0,135758342;722;0,73
0,362875267;0,724741933;1094;0,73
0,349678332;0,664171108;732;0,73
0,383475838;0,62423503;996;0,73
0,290491528;0,443857877;296;0,73
0,263682288;0,487888769;420;0,73
0,0531018;0,42641486;48;0,73
0,281666961;0,450948888;152;0,73
0,369649322;0,700540783;489;0,73
0,332391545;0,629513593;543;0,74
0,349341668;0,832961569;1103;0,74
0,350524486;0,997310973;1043;0,74
0,369649322;0,827267393;562;0,74
0,312312897;0,609988474;487;0,74
0,324666004;0,967399491;777;0,74
0,340645411;0,934833862;1143;0,74
0,386770093;0,911151211;465;0,74
0,295051284;0,523543046;837;0,74
0,043319;0,835221156;59;0,74
0,332391545;0,609988474;816;0,74
0,223789157;0,451413243;1195;0,75
0,11144078;0,582172261;91;0,76
0,011623403;0,589749356;95;0,76
0,058174541;0,087272532;687;0,76
0,054432584;0,083293713;565;0,76
0,017884753;0,03711238;1002;0,76
0,181774762;0,398646539;1213;0,76
0,254900168;0,798485979;457;0,76
0,176691538;0,4877518;977;0,76
0,259910929;0,876601892;1091;0,76
0,189576071;0,488864251;799;0,76
0,053255973;0,079390467;788;0,76
0,307229429;0,975460015;1320;0,76
0,014588708;0,067226628;325;0,77
0,265536383;0,853198914;538;0,77
0,228737335;0,616545756;1196;0,77
0,300300475;0,900281179;1076;0,77
0,265960207;0,760188874;929;0,77
0,230337737;0,732835707;1242;0,77
0,179984713;0,59156442;785;0,77
0,165467502;0,848549413;144;0,77
0,253038492;0,927879125;791;0,77
0,228737335;0,610220554;1196;0,77
0,182269844;0,45119943;589;0,77
0,229142607;0,703457385;1076;0,77
0,213225012;0,405474439;1292;0,77
0,243243355;0,705028987;649;0,77
0,223789157;0,630172105;589;0,77
0,053106083;0,893456609;121;0,77
0,245183638;0,757071051;1132;0,77
0,181163694;0,401721212;1076;0,77
0,12404256;0,184260596;1103;0,77
0,150985728;0,354142556;634;0,77
0,187784485;0,370311405;981;0,78
0,227516905;0,818526206;1126;0,78
0,033710448;0,442014535;126;0,78
0,205168104;0,751906714;663;0,78
0,211154658;0,632939067;447;0,78
0,147432834;0,480794082;459;0,78
0,155455285;0,32125973;1400;0,78
0,023402373;0,735113803;157;0,78
0,051402827;0,559792035;151;0,78
0,041427263;0,082356995;1354;0,78
0,167229832;0,415000085;823;0,78
0,211522503;0,875139193;1190;0,78
0,196153202;0,965973296;726;0,78
0,175558174;0,616500103;1384;0,78
0,163709184;0,673873072;988;0,78
0,190704407;0,723310176;1022;0,78
0,172880392;0,876601892;1027;0,78
0,165453576;0,611802978;794;0,79
0,165453576;0,611802978;663;0,79
0,156967948;0,723310176;1002;0,79
0,154987497;0,934088438;1239;0,79
0,050353932;0,731760265;144;0,79
0,022921886;0,874338464;134;0,79
0,043545756;0,917922388;138;0,79
0,048846826;0,095257434;1162;0,79
0,06143844;0,114624409;505;0,79
0,050144631;0,09102913;686;0,79
0,028816067;0,210276021;90;0,79
0,049739536;0,604485162;158;0,79
0,01592131;0,09862439;724;0,79
0,205233361;0,807980538;1185;0,79
0,055327397;0,105695164;761;0,79
0,163306579;0,798397193;1029;0,79
0,163306579;0,703457385;1076;0,80
0,051671366;0,090761085;1071;0,80
0,089658667;0,182361875;711;0,80
0,165467502;0,705028987;1225;0,80
0,042593238;0,131763201;588;0,80
0,054511775;0,104262533;1151;0,80
0,043746273;0,121097713;979;0,80
0,139288979;0,29017575;883;0,80
0,078902944;0,145503332;931;0,80
0,064155534;0,137402765;865;0,80
0,052679908;0,113736515;669;0,80
0,054601736;0,122398903;664;0,80
0,078534054;0,861150739;200;0,81
0,047629004;0,109146867;1099;0,81
0,144698207;0,840725385;783;0,81
0,138525191;0,576605211;1282;0,81
0,094799833;0,227027197;697;0,81
0,166121425;0,633206328;1092;0,81
0,166642905;0,659856946;782;0,81
0,127512211;0,279777247;1222;0,81
0,048059221;0,137581029;1058;0,81
0,074004518;0,206883594;722;0,81
0,109505174;0,285083804;919;0,82
0,075273479;0,405474439;405;0,82
0,058727939;0,134015262;772;0,82
0,044650105;0,13181736;945;0,82
0,089122277;0,249536729;1082;0,82
0,117543318;0,292198483;1283;0,82
0,060804073;0,168156408;288;0,82
0,067272168;0,157544887;885;0,82
0,058781905;0,286277854;244;0,82
0,136783704;0,707729009;1011;0,82
0,072037669;0,237132502;1092;0,82
0,052433284;0,139271238;765;0,82
0,135187048;0,912982894;1011;0,83
0,129591145;0,683043041;971;0,83
0,09317103;0,500653727;416;0,83
0,095523293;0,751061227;1213;0,83
0,140346809;0,818526206;1398;0,83
0,079322891;0,576502373;208;0,83
0,076740615;0,273712634;1027;0,83
0,098973303;0,411769183;1326;0,83
0,045158251;0,183022968;1194;0,83
0,103717604;0,299831494;1011;0,83
0,090133517;0,486338888;722;0,83
0,0571157;0,188591909;757;0,83
0,045841861;0,172655499;1255;0,83
0,126945115;0,555433243;248;0,83
0,126135286;0,763785323;1285;0,83
0,054929608;0,217639759;884;0,83
0,047852753;0,149188752;852;0,83
0,105509554;0,859115548;996;0,83
0,094299551;0,903869196;988;0,83
0,094717856;0,834857202;681;0,83
0,126945115;0,29017575;766;0,83
0,044500582;0,172233757;711;0,83
0,058582791;0,189220748;1012;0,83
0,053019595;0,217505318;789;0,83
0,083448229;0,70711248;1325;0,83
0,054630279;0,171696624;938;0,83
0,0383307;0,424406691;914;0,83
0,092389489;0,612640296;1264;0,83
0,055143493;0,533461302;343;0,83
0,013666963;0,534733962;416;0,83
0,117976369;0,476880079;538;0,83
0,094210099;0,406380643;983;0,83
0,053161353;0,887421196;320;0,83
0,061202081;0,210058375;689;0,83
0,064088495;0,184432491;867;0,83
0,034409323;0,201125504;1131;0,83
0,039341525;0,936501672;633;0,83
0,025130235;0,285083804;345;0,83
0,044866954;0,751061227;508;0,83
0,072170916;0,985161309;254;0,83
0,060309772;0,320126678;316;0,83
0,04634342;0,294418594;393;0,83
0,100028938;0,763785323;566;0,83
0,070170295;0,718831197;1310;0,83
0,049368425;0,723027276;246;0,83
0,103447723;0,669728437;817;0,84
0,047701468;0,171053284;746;0,84
0,053592051;0,226458002;893;0,84
0,129594443;0,463730578;878;0,84
0,096145758;0,648419598;791;0,84
0,034390559;0,451487694;416;0,84
0,025728932;0,569296711;390;0,84
0,070371917;0,920435674;429;0,84
0,071289151;0,545464267;442;0,84
0,053817565;0,212151603;873;0,84
0,110553623;0,647254813;1129;0,84
0,058564584;0,686595893;410;0,84
0,110165254;0,701104509;502;0,84
0,012688637;0,565935919;836;0,84
0,03307259;0,912690928;996;0,84
0,049222033;0,572996495;603;0,84
0,11180238;0,661360417;737;0,84
0,10341826;0,722190801;919;0,84
0,093206194;0,887117146;689;0,84
0,071378811;0,318703071;1249;0,84
0,051271902;0,584304778;504;0,84
0,080935323;0,745830543;899;0,84
0,03906777;0,63293837;200;0,84
0,045517718;0,864841015;329;0,84
0,001926221;0,912262462;258;0,84
0,059826716;0,414264325;1312;0,84
0,05410043;0,811988113;804;0,84
0,069676696;0,433854271;825;0,84
0,059766688;0,221018777;1365;0,84
0,073738987;0,892115415;509;0,84
0,059831399;0,803658296;268;0,84
0,051882661;0,257136961;542;0,84
0,027639474;0,230807027;780;0,84
0,114958547;0,707224131;1149;0,84
0,010127458;0,462253364;882;0,84
0,112341681;0,881088912;952;0,84
0,095869043;0,964472805;900;0,84
0,032743099;0,445301382;722;0,84
0,054870484;0,500578198;585;0,84
0,104258028;0,894774144;1338;0,84
0,103150554;0,897066061;1134;0,84
0,103477153;0,806166315;1114;0,84
0,089689298;0,46805369;859;0,84
0,066605512;0,263528732;928;0,84
0,103333343;0,847904261;1296;0,84
0,054306562;0,8818192;801;0,84
0,045351491;0,576735795;665;0,84
0,078325615;0,552830854;1216;0,84
0,069769786;0,533445003;1204;0,84
0,056228115;0,184396817;747;0,84
0,038736647;0,162525576;1284;0,84
0,06222418;0,306933302;455;0,84
0,017566055;0,572722419;660;0,84
0,064378847;0,611128005;418;0,84
0,036139068;0,589998952;1258;0,84
0,046270834;0,591382819;772;0,84
0,050695655;0,886707588;435;0,84
0,05140969;0,900256685;427;0,84
0,057823408;0,582755159;636;0,84
0,072744934;0,767443713;333;0,84
0,044694298;0,936315223;676;0,84
0,05195439;0,819066568;326;0,84
0,049745712;0,592716386;543;0,84
0,072037669;0,967399491;1092;0,84
0,072126835;0,934719506;1279;0,84
0,072037669;0,907352514;737;0,84
0,034726111;0,260665242;1153;0,84
0,066258247;0,5651495;679;0,84
0,052540273;0,963780116;321;0,84
0,049998168;0,751067812;570;0,84
0,051220518;0,474784527;843;0,84
0,076775183;0,488864251;908;0,84
0,105112387;0,669383681;1161;0,84
0,071769419;0,706889276;1029;0,84
0,092502188;0,911402729;878;0,84
0,043771077;0,923581334;617;0,84
0,045629;0,767841956;542;0,84
0,054538616;0,49804271;1152;0,84
0,064546353;0,459185277;1240;0,84
0,054458243;0,732830406;465;0,84
0,049919938;0,916016807;400;0,84
0,065905814;0,378959241;1176;0,84
0,027167623;0,95723104;591;0,84
0,081730856;0,879228451;870;0,84
0,048378521;0,621664264;501;0,84
0,005440367;0,353755235;772;0,84
0,033832475;0,47947808;1018;0,84
0,071533014;0,703457385;396;0,84
0,101870194;0,95012689;675;0,84
0,07871032;0,598248147;756;0,84
0,073941543;0,611936429;1154;0,84
0,0457835;0,845005208;543;0,84
0,074141357;0,758553468;414;0,84
0,049331139;0,914732885;285;0,84
0,052683293;0,936703829;285;0,84
0,055143493;0,826187634;456;0,84
0,049594549;0,600919854;286;0,84
0,060603625;0,977873106;285;0,84
0,078325615;0,981210732;516;0,84
0,040237182;0,184260596;1103;0,84
0,088431077;0,778492166;673;0,84
0,064169406;0,848565554;510;0,84
0,047283517;0,651834452;416;0,84
0,053431418;0,293299645;1214;0,84
0,043742498;0,861227551;486;0,84
0,047140478;0,872834707;480;0,84
0,040595088;0,868252997;725;0,84
0,051980172;0,187591336;1079;0,84
0,079339998;0,874524268;1339;0,84
0,128196675;0,885651188;959;0,84
0,079364197;0,835396149;848;0,84
0,025352113;0,74588505;1005;0,84
0,087757231;0,889736979;1180;0,84
0,084662874;0,940380058;679;0,84
0,038279889;0,985771389;551;0,84
0,02778755;0,991142191;1189;0,84
0,065445824;0,641834059;687;0,84
0,04820018;0,788418101;591;0,84
0,043146492;0,780940577;422;0,84
0,0589008;0,259176281;791;0,84
0,045807161;0,855210686;599;0,84
0,050761926;0,739142194;635;0,84
0,003437542;0,411769183;791;0,84
0,075273479;0,54348241;1313;0,84
0,066979024;0,565935919;1023;0,84
0,044689573;0,886929257;376;0,84
0,040558097;0,903869196;425;0,84
0,066240124;0,882762879;308;0,84
0,057697932;0,712026496;868;0,84
0,055037766;0,833567362;583;0,84
0,040014206;0,75809734;735;0,84
0,048852292;0,875460094;575;0,84
0,025550459;0,279777247;711;0,84
0,095532092;0,492865002;857;0,84
0,045802062;0,775744159;659;0,84
0,045720724;0,766009633;495;0,84
0,048650422;0,534662439;583;0,84
0,05549999;0,780940577;527;0,84
0,056123002;0,786637832;444;0,84
0,096101074;0,545126531;1167;0,84
0,055055946;0,759112339;715;0,84
0,054601545;0,876350223;528;0,84
0,041997544;0,776802517;616;0,84
0,051175092;0,963741908;673;0,84
0,054511775;0,922263566;528;0,84
0,047075676;0,909438166;654;0,84
0,049920697;0,904547746;411;0,84
0,051281339;0,903441541;673;0,84
0,055034822;0,808317686;576;0,84
0,050547364;0,950304779;355;0,84
0,054286605;0,853738248;355;0,84
0,100464137;0,806166315;1114;0,84
0,005864999;0,807117612;486;0,84
0,101387163;0,881088912;780;0,84
0,100464137;0,806166315;661;0,84
0,027211378;0,4295089;529;0,84
0,100464137;0,876864265;661;0,84
0,015895071;0,878836006;833;0,84
0,047140478;0,799695047;744;0,84
0,053747038;0,209648747;632;0,84
0,041572273;0,559988007;1323;0,84
0,041572273;0,559988007;1323;0,84
0,056536907;0,249076885;900;0,84
0,053163331;0,996813246;920;0,84
0,076740615;0,604755014;670;0,84
0,076740615;0,604755014;1389;0,84
0,075273479;0,405474439;1313;0,84
0,112485527;0,701104509;1149;0,84
0,066465379;0,95017105;1271;0,84
0,073158049;0,925256779;1165;0,84
0,09687144;0,936046508;827;0,84
0,056232335;0,888651868;431;0,84
0,043742498;0,894064635;778;0,84
0,048464725;0,716236572;675;0,84
0,042601409;0,711489336;354;0,84
0,069725478;0,873854024;583;0,84
0,041532092;0,847255824;306;0,84
0,042020593;0,551976664;677;0,84
0,05265861;0,682330088;380;0,84
0,05265861;0,682330088;380;0,84
0,06628189;0,75930202;963;0,84
0,062982006;0,858506222;557;0,84
0,054496186;0,97533096;767;0,84
0,052106021;0,196228518;1095;0,84
0,058152629;0,561673584;804;0,84
0,066608368;0,977873106;808;0,84
0,047952657;0,998579229;687;0,84
0,052672536;0,885397143;627;0,84
0,079236051;0,670745286;625;0,84
0,071425139;0,536365657;828;0,84
0,088857661;0,633514798;1016;0,84
0,030577978;0,554881449;1193;0,84
0,048353882;0,402722859;789;0,84
0,046863936;0,633206328;525;0,84
0,05471702;0,398715679;663;0,84
0,047645169;0,758453575;809;0,84
0,058972519;0,945081476;722;0,84
0,014983481;0,339095474;1187;0,84
0,062424439;0,733030635;765;0,84
0,043249613;0,879707126;1078;0,84
0,044669265;0,805198058;603;0,84
0,041952903;0,692554207;594;0,84
0,052301255;0,759378001;591;0,84
0,038675575;0,941622281;626;0,84
0,046583872;0,85414119;623;0,84
0,046583872;0,85414119;623;0,84
0,028816067;0,849872085;1174;0,84
0,040334503;0,900899661;708;0,84
0,032780872;0,8671201;966;0,84
0,062487049;0,761183628;423;0,84
0,037242933;0,7624434;854;0,84
0,051130437;0,966911782;617;0,84
0,05458483;0,786637832;707;0,84
0,054601545;0,759440077;636;0,84
0,045817895;0,695517698;521;0,84
0,046157695;0,808317686;403;0,84
0,054900474;0,758296072;636;0,84
0,05256354;0,763785323;423;0,84
0,050469072;0,428266147;637;0,84
0,048309406;0,954381244;463;0,84
0,041427263;0,56579607;1342;0,84
0,053108676;0,835154767;612;0,84
0,054601736;0,84798069;638;0,84
0,035482788;0,735182216;1067;0,84
0,058600408;0,338105075;665;0,84
0,056500442;0,512264387;1021;0,84
0,071296956;0,963154392;570;0,84
0,024228386;0,927466668;1087;0,84
0,031131541;0,756981236;589;0,84
0,058012239;0,833913879;655;0,84
0,066219183;0,946506262;669;0,84
0,063468249;0,892642699;513;0,84
0,054511775;0,900787779;608;0,84
0,054582365;0,279275486;879;0,84
0,10440584;0,895785842;856;0,85
0,10440584;0,97725185;856;0,85
0,10440584;0,908140601;472;0,85
0,104976817;0,867941986;785;0,85
0,016258405;0,625443817;1104;0,85
0,053842194;0,906413113;250;0,85
0,029845047;0,53865428;637;0,85
0,049628571;0,86566881;606;0,85
0,052848989;0,701617483;953;0,85
0,04827635;0,812393018;853;0,85
0,031237749;0,637858778;1047;0,85
0,044167346;0,848000025;609;0,85
0,054511775;0,7624434;499;0,85
0,055143493;0,381726315;887;0,85
0,052389289;0,69710926;526;0,85
0,055143493;0,832415688;639;0,85
0,059224512;0,5615338;658;0,85
0,052682872;0,800951173;512;0,85
0,052617957;0,79090524;514;0,85
0,054432584;0,832569677;622;0,85
0,054610078;0,739751829;486;0,85
0,054356788;0,331759522;1120;0,85
0,05401075;0,743718302;835;0,85
0,054590632;0,90814558;777;0,85
0,050007546;0,961689107;735;0,85
0,07315947;0,648861161;443;0,85
0,052375984;0,715392194;653;0,85
0,057639028;0,941414121;849;0,85
0,060755373;0,644267806;457;0,85
0,047140478;0,858506222;639;0,85
0,056793951;0,766430374;618;0,85
0,050533705;0,879556264;401;0,85
0,053443362;0,964570715;905;0,85
0,052332037;0,588145641;1134;0,85
0,002363666;0,942072869;609;0,85
0,078771115;0,976755716;1240;0,85
0,078913528;0,894548866;1134;0,85
0,076202192;0,998749477;1192;0,85
0,076083397;0,78749846;1055;0,85
0,051348325;0,697167747;443;0,85
0,079061825;0,966018163;718;0,85
0,047161518;0,747031933;608;0,85
0,034265751;0,677655171;622;0,85
0,082512563;0,703987432;560;0,85
0,04789602;0,876977228;696;0,85
0,047601288;0,648861161;659;0,85
0,048263069;0,810139761;696;0,85
0,054913659;0,405170056;1060;0,85
0,058656376;0,971612661;872;0,85
0,067433587;0,378959241;906;0,85
0,005947275;0,743982378;1288;0,85
0,051176476;0,510433708;1298;0,85
0,041533681;0,405474439;1313;0,85
0,005947985;0,513593722;765;0,85
0,037783024;0,939850425;531;0,85
0,082424456;0,78800731;1378;0,85
0,024098915;0,742107253;807;0,85
0,056961572;0,878909887;513;0,85
0,066445534;0,936703829;583;0,85
0,05712486;0,79396424;263;0,85
0,040179909;0,802521612;662;0,85
0,094098704;0,853098655;620;0,85
0,073813752;0,727302629;653;0,85
0,036603684;0,842372436;980;0,85
0,055037766;0,935981726;896;0,85
0,052684519;0,90062993;843;0,85
0,060509125;0,68327247;567;0,85
0,071006072;0,733663934;686;0,85
0,059490059;0,933570885;513;0,85
0,058711394;0,71995006;675;0,85
0,040385083;0,826939039;662;0,85
0,052194965;0,884693283;843;0,85
0,040928415;0,963459125;772;0,85
0,059864029;0,768256439;587;0,85
0,054432584;0,339876947;949;0,85
0,051015453;0,895283868;468;0,85
0,023902048;0,233166206;1338;0,85
0,039205632;0,732414285;702;0,85
0,017166134;0,406380643;1215;0,85
0,028825475;0,760305451;1209;0,85
0,055754956;0,52760059;580;0,85
0,050431915;0,701566541;456;0,85
0,041128445;0,996821001;758;0,85
0,075697682;0,902329415;950;0,85
0,075170293;0,785585788;789;0,85
0,079585119;0,72023142;839;0,85
0,075496781;0,801845992;1063;0,85
0,055141593;0,837443845;750;0,85
0,075707657;0,861227551;843;0,85
0,042064485;0,594499656;868;0,85
0,051421228;0,865737012;520;0,85
0,08680401;0,764832808;1016;0,85
0,086754275;0,769343984;850;0,85
0,040241865;0,90705184;838;0,85
0,05471702;0,546672207;562;0,85
0,05284669;0,830496807;721;0,85
0,04018329;0,668819219;1029;0,85
0,04089667;0,8024324;763;0,85
0,064942965;0,555754607;676;0,85
0,058957447;0,940741939;858;0,85
0,050188426;0,903804687;951;0,85
0,052675279;0,888723736;877;0,85
0,048323599;0,87111882;673;0,85
0,041733945;0,839161278;544;0,85
0,054528085;0,990974735;672;0,85
0,049768026;0,660829649;551;0,85
0,052435106;0,787404416;721;0,85
0,054601736;0,802226939;704;0,85
0,063181406;0,706085183;911;0,85
0,035036801;0,679135035;709;0,85
0,019812691;0,874338464;416;0,85
0,091397801;0,878136914;1085;0,85
0,091191295;0,972520828;751;0,85
0,07123037;0,911234784;599;0,85
0,041929481;0,935687099;757;0,85
0,042679955;0,409321906;1327;0,85
0,091158848;0,828440539;1345;0,85
0,028670213;0,752740271;1215;0,85
0,052332037;0,563704065;540;0,85
0,054601736;0,934356977;579;0,85
0,058142711;0,731846073;802;0,85
0,04233152;0,835720272;813;0,85
0,059807587;0,642829611;753;0,85
0,058718863;0,28751488;581;0,85
0,040443603;0,64020904;965;0,85
0,041997544;0,814763503;830;0,85
0,048439494;0,913036194;959;0,85
0,049331139;0,941185701;879;0,85
0,042337218;0,697857459;600;0,85
0,047346069;0,68793642;671;0,85
0,039546827;0,638947188;600;0,85
0,051070871;0,941414121;604;0,85
0,0532086;0,797906003;475;0,85
0,052596721;0,691541573;735;0,85
0,065694742;0,7624434;607;0,85
0,058202954;0,562822202;1117;0,85
0,048203315;0,888723736;902;0,85
0,047482492;0,808830243;877;0,85
0,049848645;0,663497296;1008;0,85
0,052672466;0,731309266;308;0,85
0,062486417;0,880429256;710;0,85
0,05464859;0,303907497;846;0,85
0,045500357;0,652734087;917;0,85
0,055143493;0,928219642;673;0,85
0,057926308;0,77759558;452;0,85
0,046580351;0,555529963;843;0,85
0,022921886;0,58483506;1045;0,85
0,085284354;0,872877875;386;0,85
0,040807504;0,633206328;1210;0,85
0,065748377;0,611936429;352;0,85
0,010414023;0,649654369;216;0,85
0,038512888;0,881088912;562;0,85
0,095123437;0,955489508;650;0,85
0,04625907;0,872399406;608;0,85
0,042979934;0,942192274;904;0,85
0,03971405;0,716236572;562;0,85
0,049032287;0,808985129;309;0,85
0,07797908;0,895326427;923;0,85
0,046522631;0,37303716;667;0,85
0,052454679;0,858024304;633;0,85
0,055277511;0,686730218;914;0,85
0,045269989;0,810775788;669;0,85
0,055277511;0,686730218;914;0,85
0,054905392;0,832576374;776;0,85
0,049707268;0,666689067;340;0,85
0,053223363;0,819066568;875;0,85
0,054933822;0,961287731;804;0,85
0,050155057;0,877890107;757;0,85
0,052971206;0,842478058;875;0,85
0,04812511;0,83381533;672;0,85
0,045932072;0,651919473;442;0,85
0,052057235;0,759112339;876;0,85
0,044871299;0,701744116;576;0,85
0,04687482;0,552936174;882;0,85
0,047567046;0,289915363;1247;0,85
0,047140498;0,889816652;812;0,85
0,04809029;0,890875129;660;0,85
0,106237209;0,926799734;1346;0,85
0,106237209;0,934105684;1182;0,85
0,006473086;0,927668806;1178;0,85
0,0592939;0,708380051;871;0,85
0,032724441;0,942192274;1288;0,85
0,04678704;0,915523245;591;0,85
0,053448923;0,952884289;635;0,85
0,05718809;0,911214969;825;0,85
0,056071578;0,937459584;749;0,85
0,040643746;0,835319248;763;0,85
0,051190341;0,992456268;676;0,85
0,038129289;0,780940577;892;0,85
0,041518554;0,797605525;823;0,85
0,05305602;0,747306991;580;0,85
0,066176988;0,530015779;645;0,85
0,069050914;0,800256215;578;0,85
0,045587884;0,893671582;860;0,85
0,051510943;0,339618653;722;0,85
0,038047994;0,720876714;710;0,85
0,0548431;0,795792994;914;0,85
0,038047994;0,70690444;710;0,85
0,058174541;0,665387369;284;0,85
0,054432584;0,985806177;897;0,85
0,046039526;0,955971878;826;0,85
0,054355387;0,97570054;897;0,85
0,045242664;0,913452251;631;0,85
0,083960001;0,718551497;843;0,85
0,071192694;0,701104509;681;0,85
0,069304362;0,518780373;1191;0,85
0,048413695;0,691525961;1265;0,85
0,058443715;0,657788042;467;0,85
0,077979269;0,987138733;569;0,85
0,054661245;0,666479367;473;0,85
0,061495835;0,922004771;654;0,85
0,054610078;0,612366164;310;0,85
0,048183783;0,936887264;555;0,85
0,056015197;0,872651623;911;0,85
0,006473086;0,776540385;368;0,85
0,088192025;0,610220554;1134;0,85
0,067433587;0,533445003;1204;0,85
0,035237636;0,618481276;1240;0,85
0,052466271;0,610220554;984;0,85
0,085810744;0,864774825;1024;0,85
0,046978543;0,953259049;785;0,85
0,064318389;0,751061227;1032;0,85
0,060508056;0,387943873;1099;0,85
0,052748336;0,670485717;515;0,85
0,022377139;0,716236572;1222;0,85
0,052060291;0,998128981;862;0,85
0,052901534;0,980843509;740;0,85
0,062516306;0,723833268;654;0,85
0,056858297;0,693861362;587;0,85
0,042105959;0,668206223;681;0,85
0,056498068;0,94956871;463;0,85
0,051706916;0,92414025;718;0,85
0,046205251;0,867849335;899;0,85
0,061056572;0,733030635;519;0,85
0,044602537;0,888691544;778;0,85
0,052773999;0,76112131;679;0,85
0,045473414;0,783823587;508;0,85
0,043671749;0,353096323;959;0,85
0,038047994;0,628347426;343;0,85
0,054451049;0,996553395;890;0,85
0,042896664;0,989403763;742;0,85
0,051711336;0,874694595;862;0,85
0,052500556;0,75512077;513;0,85
0,052493492;0,848218928;580;0,85
0,055315243;0,971120231;642;0,85
0,037550892;0,971928528;524;0,85
0,062014212;0,971039665;709;0,85
0,014237784;0,729699112;617;0,85
0,050215884;0,922086577;608;0,85
0,061436706;0,451193328;484;0,85
0,081262601;0,755970986;982;0,85
0,045695706;0,802771205;708;0,85
0,05658541;0,83631581;798;0,85
0,05203452;0,993334133;599;0,85
0,05658541;0,814375649;798;0,85
0,051535972;0,562909857;651;0,85
0,0523655;0,999728922;904;0,85
0,043742498;0,679830398;593;0,85
0,033796821;0,790604774;807;0,85
0,052318246;0,856326669;781;0,85
0,05392554;0,690956674;466;0,85
0,049768026;0,906810444;670;0,85
0,042622704;0,678700114;880;0,85
0,04604826;0,862815779;987;0,85
0,044140758;0,766343055;630;0,85
0,064792348;0,898089305;695;0,85
0,053258668;0,861554596;797;0,85
0,052091433;0,795269504;446;0,85
0,048482205;0,725533108;722;0,85
0,058635157;0,914950537;695;0,85
0,05494198;0,775266223;872;0,85
0,06493174;0,874206038;583;0,85
0,077952844;0,942072869;609;0,85
0,010355178;0,739196157;857;0,85
0,085534764;0,852476288;677;0,85
0,04184763;0,819932024;974;0,85
0,042543024;0,848484337;964;0,85
0,039884409;0,973483061;1096;0,85
0,041606714;0,910372247;1031;0,85
0,026347487;0,836419967;701;0,85
0,032629257;0,697195706;769;0,85
0,044381919;0,738199596;1100;0,85
0,049081622;0,518603541;935;0,85
0,04955151;0,812822323;567;0,85
0,058174541;0,707916921;494;0,85
0,040643746;0,745920893;937;0,85
0,035151947;0,735980067;985;0,85
0,049999279;0,859711385;779;0,85
0,039669974;0,65041534;812;0,85
0,042681679;0,670814128;953;0,85
0,052186052;0,781288481;668;0,85
0,050296724;0,796109416;696;0,85
0,062417152;0,916759552;607;0,85
0,044740458;0,990970676;772;0,85
0,053357123;0,886800791;855;0,85
0,053336064;0,318844669;702;0,85
0,04114406;0,79241997;781;0,85
0,058671386;0,769932395;700;0,85
0,048213033;0,763275149;607;0,85
0,052318246;0,799718573;551;0,85
0,052943385;0,719766282;803;0,85
0,043458288;0,83874048;747;0,85
0,052493492;0,719905301;563;0,85
0,049998013;0,947589522;603;0,85
0,055912652;0,623664448;772;0,85
0,052371004;0,83631581;880;0,85
0,054400776;0,687435101;922;0,85
0,049940586;0,901005957;779;0,85
0,054458243;0,931938284;662;0,85
0,050925704;0,930851209;461;0,85
0,076173429;0,640906856;1367;0,85
0,076202192;0,640906856;809;0,85
0,055665412;0,391514133;1020;0,85
0,064596879;0,791014711;504;0,85
0,077110108;0,406380643;777;0,85
0,04916388;0,81373852;758;0,85
0,044773382;0,847581032;523;0,85
0,04061789;0,854826279;966;0,85
0,047773179;0,759112339;666;0,85
0,062764761;0,935489357;417;0,85
0,045536001;0,931906226;798;0,85
0,052208332;0,713818479;825;0,85
0,035365538;0,757790309;800;0,85
0,046284106;0,760137688;879;0,85
0,038047994;0,756221706;912;0,85
0,047127258;0,83631581;758;0,85
0,005947275;0,575919785;819;0,85
0,046904379;0,872877875;386;0,85
0,041052882;0,851586062;916;0,85
0,051089612;0,712453303;880;0,85
0,070856969;0,852751971;384;0,85
0,055334102;0,861642436;572;0,85
0,042952601;0,771422179;801;0,85
0,006473086;0,868534713;637;0,85
0,053244378;0,999728922;512;0,85
0,051811347;0,557491792;924;0,85
0,054411669;0,775386782;1310;0,85
0,054601736;0,766932149;958;0,85
0,055315243;0,826930727;479;0,85
0,054079752;0,818972943;921;0,85
0,048591361;0,771012976;536;0,85
0,049387297;0,928189484;640;0,85
0,052468793;0,909953571;511;0,85
0,054324271;0,755425315;1228;0,85
0,051926654;0,783081388;456;0,85
0,062648666;0,858506222;712;0,85
0,05223881;0,946622286;915;0,85
0,054432584;0,780337085;949;0,85
0,054601545;0,891027709;779;0,85
0,022921886;0,874338464;416;0,85
0,064036559;0,707729009;1217;0,85
0,011111839;0,751416691;440;0,85
0,040198125;0,481663715;973;0,85
0,064746284;0,990091981;1144;0,85
0,02614347;0,682001192;695;0,85
0,064376674;0,785585788;1341;0,85
0,02693101;0,958848659;424;0,85
0,028816067;0,782568381;730;0,85
0,06446537;0,924077675;950;0,85
0,064465568;0,827217722;1061;0,85
0,06475028;0,863636756;1307;0,85
0,064707269;0,878364246;1177;0,85
0,052466527;0,965488624;709;0,85
0,04134983;0,758553468;1065;0,85
0,055554986;0,985193555;683;0,85
0,034726111;0,883293527;640;0,85
0,0514297;0,935408026;654;0,85
0,038563608;0,618712964;848;0,85
0,037034637;0,751061227;981;0,85
0,064499491;0,80802747;813;0,85
0,06059903;0,940458905;595;0,85
0,050026381;0,937286037;609;0,85
0,042105959;0,855582185;693;0,85
0,045574631;0,787514409;731;0,85
0,053875364;0,845544544;859;0,85
0,035683789;0,928237877;1181;0,85
0,053419849;0,7624434;917;0,85
0,046809236;0,769511322;707;0,85
0,050034523;0,889979603;694;0,85
0,038518186;0,873885715;717;0,85
0,052940223;0,696221978;498;0,85
0,064942965;0,921219613;811;0,85
0,063887317;0,70563349;840;0,85
0,047991006;0,845648466;515;0,85
0,054307137;0,397382507;1226;0,85
0,053978485;0,567438481;898;0,85
0,052731022;0,808889782;559;0,85
0,050586723;0,860309685;651;0,85
0,055070546;0,35454598;893;0,85
0,050675801;0,975152734;651;0,85
0,055456833;0,638461443;494;0,85
0,051873599;0,732964847;617;0,85
0,052224133;0,916911412;646;0,85
0,049893219;0,905651525;672;0,85
0,051977654;0,733030635;755;0,85
0,05032552;0,932799749;923;0,85
0,050460833;0,862284959;609;0,85
0,050469072;0,579190329;936;0,85
0,045892253;0,902671238;392;0,85
0,044057712;0,7993759;1007;0,85
0,046809236;0,321392474;799;0,85
0,052054567;0,930403494;501;0,85
0,052455395;0,899826062;573;0,85
0,052236389;0,889832286;560;0,85
0,044866954;0,917920066;1148;0,85
0,023402373;0,735113803;1338;0,85
0,043791575;0,806084726;896;0,85
0,039347612;0,583636982;961;0,85
0,031036276;0,857161419;943;0,85
0,050150247;0,604580368;919;0,85
0,050056272;0,722111789;709;0,85
0,05155512;0,826312155;402;0,85
0,048109445;0,913036194;964;0,85
0,053919906;0,847255824;662;0,85
0,060490239;0,771439205;772;0,85
0,043146492;0,737339904;773;0,85
0,012688637;0,565935919;1378;0,85
0,044758323;0,656190938;924;0,85
0,042105959;0,755324511;850;0,85
0,062026867;0,745908125;727;0,85
0,051454809;0,623079183;912;0,85
0,07152514;0,782210414;971;0,85
0,071697127;0,75413228;1213;0,85
0,062672045;0,912384703;878;0,85
0,026891368;0,716236572;1307;0,85
0,068242893;0,963154392;1296;0,85
0,006473086;0,874743642;888;0,85
0,069557158;0,860349286;1327;0,85
0,051050018;0,869766384;578;0,85
0,079645289;0,920435674;616;0,85
0,05471702;0,877890107;615;0,85
0,062608447;0,784009088;1018;0,85
0,050877746;0,951615985;672;0,85
0,059900695;0,73084736;662;0,85
0,050485673;0,665657977;770;0,85
0,064942965;0,668837984;851;0,85
0,068241277;0,83631581;908;0,85
0,0540745;0,782357485;727;0,85
0,051473064;0,927491119;504;0,85
0,048910975;0,917291352;908;0,85
0,072015498;0,769511322;770;0,85
0,051578312;0,989403763;404;0,85
0,054306562;0,578589727;793;0,85
0,062843735;0,961021439;827;0,85
0,056021788;0,804543699;627;0,85
0,044314824;0,940106011;917;0,85
0,041674809;0,847796269;592;0,85
0,051882661;0,780268173;607;0,85
0,052232633;0,903824857;818;0,85
0,054288278;0,803269334;758;0,85
0,050686562;0,761012216;550;0,85
0,053774258;0,835059279;624;0,85
0,045725911;0,994115996;798;0,85
0,049165093;0,388426548;841;0,85
0,048140816;0,8790277;1180;0,85
0,034296824;0,414264325;1119;0,85
0,048140816;0,8790277;1353;0,85
0,016019582;0,960692814;934;0,85
0,072151327;0,750153313;1154;0,85
0,002716258;0,816584796;724;0,85
0,051290855;0,999728922;714;0,85
0,04804197;0,907014866;1338;0,85
0,050423184;0,774831389;493;0,85
0,043962428;0,827644085;960;0,85
0,043997699;0,851524639;960;0,85
0,051050018;0,758309428;870;0,85
0,054627954;0,861645287;485;0,85
0,04775473;0,790443803;965;0,85
0,033744725;0,661028052;1293;0,85
0,041427263;0,69498465;942;0,85
0,057462101;0,830731209;730;0,85
0,056385111;0,837300299;702;0,85
0,055213416;0,633206328;599;0,85
0,048740432;0,691788049;1018;0,85
0,058161658;0,723437821;512;0,85
0,053671121;0,822645448;382;0,85
0,04756835;0,705944869;877;0,85
0,051266573;0,640689446;903;0,85
0,052026142;0,984196165;851;0,85
0,062244336;0,727539375;716;0,85
0,054914532;0,497983755;857;0,85
0,052533631;0,76291766;620;0,85
0,052298488;0,903869196;697;0,85
0,05552635;0,56505766;674;0,85
0,052198114;0,928882429;949;0,85
0,052314443;0,86068733;934;0,85
0,042380359;0,625656145;814;0,85
0,046557111;0,931422711;722;0,85
0,054288278;0,8250075;895;0,85
0,052195911;0,83631581;697;0,85
0,053019595;0,557760164;985;0,85
0,053703517;0,759112339;987;0,85
0,052371004;0,83631581;675;0,85
0,050731462;0,528396475;859;0,85
0,043671749;0,787404416;669;0,85
0,049331139;0,988838833;711;0,85
0,05491816;0,95018491;875;0,85
0,053355878;0,897926911;850;0,85
0,043049386;0,818225119;781;0,85
0,044900835;0,997821041;529;0,85
0,051382898;0,978347085;648;0,85
0,049451156;0,759112339;544;0,85
0,044704898;0,896682148;931;0,85
0,044792786;0,950154519;949;0,85
0,05239724;0,80480401;934;0,85
0,050889981;0,810049794;665;0,85
0,046455015;0,793651425;1034;0,85
0,044512117;0,973618546;782;0,85
0,060957106;0,676066834;747;0,85
0,055055651;0,885422617;830;0,85
0,052872735;0,770211791;879;0,85
0,049768026;0,952986823;902;0,85
0,055221996;0,787647217;830;0,85
0,055256565;0,617087927;1071;0,85
0,049753253;0,959066772;638;0,85
0,049565802;0,810247911;902;0,85
0,024058217;0,635061092;819;0,85
0,057281356;0,680430856;569;0,85
0,058362332;0,626847033;475;0,85
0,052087282;0,771827059;920;0,85
0,056522505;0,869489995;601;0,85
0,039483672;0,984798229;1132;0,85
0,044866954;0,669123775;1131;0,85
0,061436706;0,922843884;794;0,85
0,044866954;0,833163904;960;0,85
0,034726111;0,680598983;889;0,85
0,071019234;0,914955948;724;0,85
0,048243884;0,901317488;692;0,85
0,043790123;0,970488269;1025;0,85
0,053914682;0,856896428;899;0,85
0,065080476;0,733266294;831;0,85
0,049060594;0,8375158;813;0,85
0,0461359;0,651071906;953;0,85
0,060511566;0,897031562;763;0,85
0,054420878;0,651859619;715;0,85
0,048035627;0,854813406;792;0,85
0,06214718;0,928121388;646;0,85
0,048131935;0,630765497;963;0,85
0,054363996;0,724306711;633;0,85
0,054576099;0,834206579;797;0,85
0,039942227;0,822645448;848;0,85
0,043146492;0,589295043;882;0,85
0,056862427;0,841802472;761;0,85
0,054601545;0,471726415;1012;0,85
0,044539943;0,985261443;585;0,85
0,053774235;0,844099199;899;0,85
0,054521942;0,962585413;731;0,85
0,054582365;0,484171781;1310;0,85
0,052160573;0,897862989;367;0,85
0,052354054;0,288456912;772;0,85
0,061839821;0,787404416;782;0,85
0,054905392;0,229133727;697;0,85
0,055256565;0,84954211;797;0,85
0,052254316;0,699718132;637;0,85
0,054944077;0,888723736;731;0,85
0,049788626;0,916683658;825;0,85
0,050061532;0,779831151;774;0,85
0,063240934;0,60578409;695;0,85
0,053915869;0,960359652;712;0,85
0,051055147;0,847168598;422;0,85
0,054432584;0,872450155;731;0,85
0,049768026;0,772419078;647;0,85
0,046314584;0,95692745;874;0,85
0,052798368;0,800327009;656;0,85
0,043793167;0,988879158;751;0,85
0,053019595;0,822578205;693;0,85
0,058710435;0,340536;869;0,85
0,013572767;0,985892489;665;0,85
0,072259444;0,97352344;1103;0,85
0,066365023;0,889736979;1180;0,85
0,066368935;0,854904239;1029;0,85
0,033918555;0,902865189;1325;0,85
0,035323086;0,807851351;1035;0,85
0,065866503;0,824558116;1095;0,85
0,072497235;0,975098077;1119;0,85
0,04838455;0,836569024;953;0,85
0,050909482;0,774192394;1038;0,85
0,041948414;0,831129481;942;0,85
0,038185514;0,700850202;811;0,85
0,006473086;0,611128005;803;0,85
0,048619108;0,333368945;1338;0,85
0,048417109;0,746920966;896;0,85
0,054784938;0,724087342;745;0,85
0,048417109;0,746920966;896;0,85
0,041844899;0,914493529;845;0,85
0,066929862;0,65041534;812;0,85
0,051299292;0,914519617;463;0,85
0,066097142;0,892911974;1031;0,85
0,046809236;0,566028497;885;0,85
0,054432584;0,653132455;1066;0,85
0,061743583;0,970457657;825;0,85
0,0582316;0,699718132;436;0,85
0,04851116;0,873044116;763;0,85
0,053755623;0,960933562;898;0,85
0,056767616;0,829834393;752;0,85
0,060585359;0,703586922;538;0,85
0,05090258;0,868078906;882;0,85
0,045075533;0,747968517;561;0,85
0,048136483;0,920435674;799;0,85
0,056107119;0,816372263;525;0,85
0,046556512;0,738697462;875;0,85
0,049587024;0,383414506;694;0,85
0,054582365;0,682711103;717;0,85
0,055663461;0,83631581;762;0,85
0,06223793;0,707785847;896;0,85
0,05471702;0,664299703;1146;0,85
0,054458243;0,640169703;987;0,85
0,046523459;0,601526199;567;0,85
0,053429022;0,688703716;744;0,85
0,057578082;0,900558528;603;0,85
0,054905392;0,830240066;673;0,85
0,049377354;0,952986823;582;0,85
0,052486411;0,73560511;721;0,85
0,066098133;0,877890107;945;0,85
0,066156989;0,935785174;1272;0,85
0,061778635;0,681803182;882;0,85
0,053642793;0,874973315;898;0,85
0,041840422;0,853454497;772;0,85
0,052987089;0,891027768;918;0,85
0,054538616;0,636983089;1152;0,85
0,049983102;0,915034531;1012;0,85
0,049826445;0,846041754;813;0,85
0,056892437;0,789689552;849;0,85
0,055659251;0,335078667;796;0,85
0,053581547;0,334936364;723;0,85
0,054458243;0,63899668;987;0,85
0,050121179;0,967637524;553;0,85
0,06634702;0,883694212;870;0,85
0,063887317;0,933722491;683;0,85
0,04980451;0,69782456;646;0,85
0,06222303;0,694592679;1034;0,85
0,047845956;0,642542488;628;0,85
0,05999354;0,962341475;776;0,85
0,052518796;0,991331549;792;0,85
0,103447723;0,763785323;1095;0,85
0,040198125;0,984798229;1103;0,85
0,035826901;0,900377645;603;0,85
0,039774245;0,737759413;1359;0,85
0,074103252;0,78749846;657;0,85
0,045474131;0,726959671;1207;0,85
0,060423574;0,927382637;716;0,85
0,045035412;0,970502178;753;0,85
0,04452769;0,863961201;562;0,85
0,043299723;0,88550256;782;0,85
0,06154362;0,888651868;560;0,85
0,053239488;0,687956118;714;0,85
0,055679859;0,769357258;742;0,85
0,049331139;0,940058838;518;0,85
0,044125753;0,700749848;906;0,85
0,050472527;0,81264138;739;0,85
0,065094996;0,929000796;677;0,85
0,05155512;0,953320834;603;0,85
0,050339223;0,859842059;599;0,85
0,05155512;0,909840592;603;0,85
0,05943441;0,835551769;713;0,85
0,060929188;0,925213327;565;0,85
0,046809236;0,703057676;725;0,85
0,052163131;0,695112854;661;0,85
0,048445864;0,796450879;639;0,85
0,046966537;0,981080749;829;0,85
0,057092249;0,832198349;736;0,85
0,054601736;0,937502943;755;0,85
0,054458243;0,717434177;828;0,85
0,053306971;0,951784052;687;0,85
0,052137974;0,780940577;893;0,85
0,043027159;0,836887584;748;0,85
0,046722438;0,314153885;744;0,85
0,052882157;0,938483148;813;0,85
0,048522193;0,880429256;710;0,85
0,053019595;0,855305985;813;0,85
0,056108468;0,999728922;836;0,85
0,012353415;0,716236572;603;0,85
0,068874741;0,906838731;1362;0,85
0,07862455;0,701104509;1394;0,85
0,043791575;0,658509655;1287;0,85
0,029986791;0,842218951;730;0,85
0,054787553;0,783922597;883;0,85
0,069213552;0,903869196;1035;0,85
0,047302944;0,959460238;569;0,85
0,051926048;0,824673249;650;0,85
0,035457143;0,878364246;593;0,85
0,043742498;0,619326449;935;0,85
0,052504733;0,715315239;410;0,85
0,032818608;0,93900193;852;0,85
0,054854876;0,788681775;818;0,85
0,06517781;0,888959019;584;0,85
0,006473086;0,900770108;700;0,85
0,049331139;0,714577788;951;0,85
0,044255394;0,851941871;729;0,85
0,055467351;0,681586312;953;0,85
0,052148276;0,655760296;513;0,85
0,047338967;0,852665609;595;0,85
0,049918052;0,628347426;343;0,85
0,042614887;0,778193231;1076;0,85
0,048348999;0,807509383;683;0,85
0,0561022;0,891593094;637;0,85
0,050919855;0,733030635;894;0,85
0,055006654;0,785644542;879;0,85
0,054920471;0,750363404;884;0,85
0,055207295;0,769241158;636;0,85
0,052091181;0,756673266;777;0,85
0,051483814;0,629656561;415;0,85
0,054125292;0,68891747;734;0,85
0,044197118;0,995217075;889;0,85
0,048670407;0,625040114;710;0,85
0,054511775;0,968242855;771;0,85
0,067658865;0,725373093;934;0,85
0,040643746;0,655675042;710;0,85
0,06762664;0,72308756;846;0,85
0,029363164;0,934032704;761;0,85
0,022921886;0,594499656;1110;0,85
0,049331139;0,716236572;670;0,85
0,025320566;0,654791553;927;0,85
0,057310977;0,830599034;819;0,85
0,052318246;0,64270871;867;0,85
0,052478899;0,955329183;917;0,85
0,061441969;0,913556416;651;0,85
0,055315243;0,888446073;579;0,85
0,051767792;0,558467137;1007;0,85
0,054601736;0,872950517;751;0,85
0,05199214;0,931600237;949;0,85
0,054590632;0,884726143;838;0,85
0,043146492;0,7917499;718;0,85
0,063273955;0,749203609;943;0,85
0,052347969;0,787363433;917;0,85
0,052236462;0,993159954;917;0,85
0,048140816;0,513257987;1156;0,85
0,041929481;0,878293842;851;0,85
0,043488671;0,95835015;1012;0,85
0,040241865;0,949175924;1062;0,85
0,063666307;0,832377601;962;0,85
0,06455529;0,757571919;630;0,85
0,04992766;0,994458775;547;0,85
0,034726111;0,738274642;965;0,85
0,050152754;0,784567746;511;0,85
0,067954968;0,666689067;677;0,85
0,052149979;0,856503292;776;0,85
0,061453934;0,918526551;628;0,85
0,051044898;0,820763573;642;0,85
0,055211013;0,652499177;697;0,85
0,045283364;0,925682834;911;0,85
0,059286553;0,761853085;785;0,85
0,043146492;0,780940577;802;0,85
0,051005252;0,665026168;786;0,85
0,055898713;0,903869196;822;0,85
0,036954127;0,915874817;795;0,85
0,046746862;0,901185642;859;0,85
0,063512536;0,911751952;505;0,85
0,050172705;0,65041534;536;0,85
0,052271141;0,920435674;513;0,85
0,049331139;0,982447518;547;0,85
0,048907004;0,938339138;676;0,85
0,042896664;0,772148206;802;0,85
0,051515817;0,80946313;574;0,85
0,064942965;0,727270132;761;0,85
0,042896664;0,64658102;1043;0,85
0,056991999;0,788737834;777;0,85
0,065234632;0,87225084;468;0,85
0,055687185;0,792965904;903;0,85
0,050622753;0,83242965;504;0,85
0,050525759;0,919128688;945;0,85
0,046276654;0,754323509;616;0,85
0,041391547;0,9018786;926;0,85
0,063887317;0,892640296;919;0,85
0,060811276;0,834096714;526;0,85
0,055203505;0,872950517;751;0,85
0,051012449;0,766215059;850;0,85
0,052294646;0,83359674;773;0,85
0,046821999;0,885745048;1012;0,85
0,038047994;0,97292322;782;0,85
0,058174541;0,665387369;803;0,85
0,049876251;0,897926911;668;0,85
0,051525201;0,535438104;991;0,85
0,053773806;0,931183105;910;0,85
0,052476127;0,791432599;773;0,85
0,052208742;0,993187721;773;0,85
0,054339821;0,823303108;773;0,85
0,032918462;0,8892493;1020;0,85
0,051970408;0,918005968;1123;0,85
0,049956344;0,866745519;722;0,85
0,051518818;0,830390683;1143;0,85
0,043629128;0,861227551;1085;0,85
0,05671375;0,723648164;814;0,85
0,05471702;0,761690569;911;0,85
0,052508025;0,859005189;930;0,85
0,052508025;0,859005189;930;0,85
0,051811347;0,940741939;1106;0,85
0,051466479;0,877794853;1094;0,85
0,052353986;0,804246544;785;0,85
0,046809236;0,769511322;764;0,85
0,052083814;0,802921899;1012;0,85
0,051953731;0,899676077;1106;0,85
0,046487847;0,742007727;959;0,85
0,047467941;0,938696181;680;0,85
0,051576472;0,96042274;1091;0,85
0,051507593;0,830167418;1245;0,85
0,051631514;0,84372139;1143;0,85
0,051486883;0,876859189;1087;0,85
0,055785215;0,947994508;705;0,85
0,0517446;0,808317686;999;0,85
0,063422066;0,85836868;698;0,85
0,051220518;0,714147711;695;0,85
0,054601545;0,691418703;927;0,85
0,056636587;0,709509601;758;0,85
0,051770022;0,939865934;1054;0,85
0,046755396;0,894614558;892;0,85
0,051770022;0,830320892;1054;0,85
0,052126229;0,862815779;987;0,85
0,051417143;0,897484857;662;0,85
0,051869189;0,880442045;1016;0,85
0,051770022;0,940557601;1054;0,85
0,04596885;0,948366721;703;0,85
0,051838662;0,885464926;1037;0,85
0,051986099;0,85502542;1036;0,85
0,054511775;0,856647824;670;0,85
0,050082478;0,885397143;612;0,85
0,051040311;0,909530523;620;0,85
0,054768737;0,894250853;702;0,85
0,052103355;0,881145727;1025;0,85
0,051702978;0,970452243;1172;0,85
0,051927485;0,890921922;1095;0,85
0,053161542;0,89873055;863;0,85
0,053676229;0,783710271;710;0,85
0,052072933;0,999728922;1310;0,85
0,051253551;0,955708954;662;0,85
0,052116999;0,918706544;1007;0,85
0,042385245;0,818729039;1302;0,85
0,053772357;0,835633023;484;0,85
0,066875033;0,704606997;560;0,85
0,042259732;0,895004734;1239;0,85
0,054693808;0,858722367;845;0,85
0,053823892;0,641289174;843;0,85
0,064942965;0,901722296;645;0,85
0,050706304;0,594499656;660;0,85
0,047928651;0,859586521;801;0,85
0,060957012;0,555207843;723;0,85
0,047194458;0,796921122;898;0,85
0,062014382;0,801833736;596;0,85
0,056767348;0,753042994;699;0,85
0,049785671;0,734972147;856;0,85
0,046236498;0,951784052;1045;0,85
0,055256565;0,830167418;681;0,85
0,0475518;0,915151032;898;0,85
0,058517938;0,946856673;863;0,85
0,042277882;0,89016977;1238;0,85
0,050144631;0,913036194;958;0,85
0,049410056;0,751717786;667;0,85
0,056405575;0,854243893;606;0,85
0,052255473;0,716236572;652;0,85
0,048467147;0,737989189;505;0,85
0,048220909;0,759112339;414;0,85
0,058091066;0,799562235;823;0,85
0,053718809;0,860893048;783;0,85
0,05207893;0,734221164;710;0,85
0,05471702;0,972334286;772;0,85
0,042896664;0,749702601;803;0,85
0,047905876;0,638790485;867;0,85
0,050839524;0,882763213;504;0,85
0,05491816;0,900601843;772;0,85
0,062102355;0,466908608;1125;0,85
0,067203443;0,813283482;1022;0,85
0,067203443;0,945672553;1141;0,85
0,067433587;0,914968486;1366;0,85
0,06753264;0,831245574;975;0,85
0,06730785;0,812532795;987;0,85
0,054604622;0,810124538;853;0,85
0,058799717;0,964704682;624;0,85
0,067433587;0,840920715;1047;0,85
0,023489782;0,970158808;1289;0,85
0,060118721;0,925935508;1128;0,85
0,060165354;0,825892807;861;0,85
0,045411792;0,87029987;1249;0,85
0,060378353;0,93967559;1314;0,85
0,05471702;0,481855127;776;0,85
0,067378923;0,940041013;1224;0,85
0,035925001;0,894889113;724;0,85
0,060339528;0,896673394;1203;0,85
0,061202081;0,837008306;627;0,85
0,048770833;0,883293527;872;0,85
0,041469324;0,876305977;1262;0,85
0,060306757;0,863588871;981;0,85
0,057126351;0,594499656;1117;0,85
0,05241773;0,752870036;753;0,85
0,061202081;0,878909887;513;0,85
0,04530649;0,927252763;1310;0,85
0,060406033;0,840047867;935;0,85
0,053055153;0,699718132;812;0,85
0,044609328;0,868105242;775;0,85
0,053981789;0,805435896;677;0,85
0,037505168;0,939892964;942;0,85
0,063655088;0,921709732;589;0,85
0,054511775;0,827033266;879;0,85
0,045455455;0,910778534;1357;0,85
0,0383683;0,739148447;981;0,85
0,060460868;0,947237702;798;0,85
0,056569089;0,84798069;802;0,85
0,050737236;0,764818558;812;0,85
0,045215306;0,710264809;783;0,85
0,056160248;0,940741939;809;0,85
0,060038869;0,981324199;950;0,85
0,052371004;0,83631581;896;0,85
0,052905119;0,783560492;939;0,85
0,043063006;0,994308299;772;0,85
0,059867609;0,876671543;787;0,85
0,048408656;0,95676571;813;0,85
0,050469072;0,858425115;860;0,85
0,051653721;0,976135807;537;0,85
0,04504049;0,999728922;728;0,85
0,052540778;0,820809478;770;0,85
0,057106321;0,92293291;874;0,85
0,056051845;0,615306828;823;0,85
0,060702637;0,906126608;896;0,85
0,060450968;0,945022189;979;0,85
0,055003377;0,79965859;726;0,85
0,063095889;0,888446073;703;0,85
0,050093463;0,906741098;812;0,85
0,05000048;0,794343653;812;0,85
0,047794383;0,8369985;1021;0,85
0,045466029;0,810827491;854;0,85
0,051869523;0,85931237;951;0,85
0,050930477;0,594499656;693;0,85
0,067703993;0,805712501;1049;0,85
0,053747038;0,880411093;797;0,85
0,049200656;0,810049794;835;0,85
0,050314663;0,740266892;552;0,85
0,045321558;0,865068431;1012;0,85
0,06057742;0,665387369;683;0,85
0,04519343;0,819740354;1310;0,85
0,055581257;0,969853791;814;0,85
0,06064098;0,802254293;1012;0,85
0,067821969;0,836887584;1278;0,85
0,059955439;0,88509722;731;0,85
0,049444566;0,697613107;1006;0,85
0,052378962;0,932413685;504;0,85
0,044866954;0,751061227;978;0,85
0,04977449;0,824504623;899;0,85
0,056798374;0,686328854;757;0,85
0,043742498;0,885566093;650;0,85
0,029064232;0,963660029;772;0,85
0,043771077;0,83956112;813;0,85
0,049393957;0,965398285;859;0,85
0,055037766;0,65041534;648;0,85
0,058273727;0,774561304;882;0,85
0,044142537;0,837205874;842;0,85
0,054681819;0,890386728;694;0,85
0,049038848;0,674902916;606;0,85
0,055315243;0,827964048;727;0,85
0,054601736;0,970982364;785;0,85
0,055988333;0,758318528;1257;0,85
0,049331139;0,890570562;899;0,85
0,050317537;0,966808125;890;0,85
0,047346589;0,685511449;730;0,85
0,051609877;0,786637832;614;0,85
0,042504481;0,594499656;593;0,85
0,055953778;0,780940577;999;0,85
0,054610078;0,919557061;836;0,85
0,046246193;0,878495087;821;0,85
0,054610078;0,824739188;785;0,85
0,054286605;0,759583275;551;0,85
0,057112152;0,872796664;643;0,85
0,057112152;0,943303711;643;0,85
0,074297559;0,79324339;1211;0,85
0,054604622;0,590177448;1035;0,85
0,074518631;0,907097425;885;0,85
0,059709999;0,929548192;605;0,85
0,054601545;0,798256024;917;0,85
0,074538602;0,823845177;772;0,85
0,046301883;0,880114962;800;0,85
0,052748602;0,644466175;821;0,85
0,027064251;0,679135176;1014;0,85
0,044610097;0,851950979;983;0,85
0,054511775;0,95359846;917;0,85
0,053822748;0,726086931;817;0,85
0,066733932;0,559330498;628;0,85
0,043133395;0,948006184;709;0,85
0,061924461;0,927003897;708;0,85
0,049592101;0,932071285;823;0,85
0,050737236;0,972868673;803;0,85
0,053009531;0,786023096;814;0,85
0,044899905;0,987807769;934;0,85
0,042548965;0,988414278;840;0,85
0,059419692;0,681174247;691;0,85
0,055368626;0,765556622;763;0,85
0,052395416;0,886139706;882;0,85
0,042487586;0,787404416;629;0,85
0,029845047;0,406380643;1215;0,85
0,071533014;0,703457385;1271;0,85
0,067433587;0,76042704;756;0,85
0,05111393;0,957022573;820;0,85
0,056395826;0,888651868;1105;0,85
0,031078593;0,406380643;1018;0,85
0,049331139;0,806108604;1011;0,85
0,050276805;0,724049868;620;0,85
0,055329476;0,737102369;896;0,85
0,05302153;0,858107246;672;0,85
0,044177517;0,95544644;793;0,85
0,055868498;0,898241914;917;0,85
0,053447771;0,85067147;738;0,85
0,034204204;0,824964493;1257;0,85
0,059113061;0,617978323;700;0,85
0,050767884;0,783785123;823;0,85
0,047140478;0,917373392;649;0,85
0,056111795;0,879275016;948;0,85
0,043771077;0,642269132;825;0,85
0,046149942;0,748734106;971;0,85
0,056107119;0,841735903;1117;0,85
0,040694714;0,667407697;697;0,85
0,050051443;0,827278709;887;0,85
0,048105798;0,973953992;803;0,85
0,039176671;0,618169931;801;0,85
0,049846712;0,932203316;817;0,85
0,055960203;0,92422254;1033;0,85
0,048004412;0,649327921;633;0,85
0,052519626;0,594499656;809;0,85
0,053594167;0,83432752;814;0,85
0,051982817;0,77977718;736;0,85
0,060195573;0,696055026;1012;0,85
0,055365801;0,740197597;703;0,85
0,050849953;0,869013368;784;0,85
0,051811347;0,767401254;902;0,85
0,050294051;0,907887201;947;0,85
0,052638223;0,756409496;736;0,85
0,05616067;0,828214075;934;0,85
0,050469072;0,840124568;926;0,85
0,054437476;0,677836921;886;0,85
0,049308822;0,594499656;899;0,85
0,057234752;0,964643286;773;0,85
0,056417976;0,957782872;937;0,85
0,055529548;0,925083437;888;0,85
0,055892709;0,812727869;1023;0,85
0,058929383;0,811697236;793;0,85
0,046049652;0,856221951;776;0,85
0,040252476;0,821619116;655;0,85
0,055694204;0,771469118;813;0,85
0,047430889;0,717007081;831;0,85
0,041347043;0,765452286;546;0,85
0,049673084;0,759112339;987;0,85
0,056364281;0,896948236;1230;0,85
0,052507503;0,373957186;1101;0,85
0,048731187;0,765628335;1238;0,85
0,058422873;0,738179837;719;0,85
0,056050808;0,873418194;962;0,85
0,055950942;0,837899586;1052;0,85
0,03751977;0,889616594;975;0,85
0,063887317;0,795578563;622;0,85
0,055786161;0,894602288;950;0,85
0,044606395;0,726168403;731;0,85
0,072007112;0,751416691;663;0,85
0,026279972;0,548468271;1105;0,85
0,057467306;0,877708731;675;0,85
0,04402286;0,803863397;765;0,85
0,058073735;0,888463655;604;0,85
0,046360926;0,977623238;824;0,85
0,054511775;0,909315344;627;0,85
0,04891499;0,755439578;949;0,85
0,054428572;0,790759136;855;0,85
0,047335904;0,865267432;753;0,85
0,051303911;0,7624434;656;0,85
0,060086459;0,851768013;546;0,85
0,053766358;0,788165795;866;0,85
0,047047997;0,723310176;1002;0,85
0,041427263;0,414264325;821;0,85
0,066404379;0,72023142;695;0,85
0,039680655;0,798699996;1032;0,85
0,032627604;0,778421787;885;0,85
0,050615143;0,995195528;636;0,85
0,04198595;0,844877745;911;0,85
0,055102685;0,780940577;606;0,85
0,054432584;0,903869196;556;0,85
0,056803683;0,885036061;898;0,85
0,056366386;0,708982339;1181;0,85
0,052853759;0,81417802;601;0,85
0,065915049;0,593529456;494;0,85
0,04773571;0,830672575;1020;0,85
0,03981037;0,644718695;1006;0,85
0,043146492;0,702803158;654;0,85
0,050252403;0,772686973;769;0,85
0,056024376;0,913036194;550;0,85
0,053958237;0,802195595;760;0,85
0,054458243;0,876428708;727;0,85
0,056476009;0,766800392;823;0,85
0,05364724;0,783936969;746;0,85
0,044477662;0,951784052;741;0,85
0,045793385;0,835232498;813;0,85
0,058517039;0,715144695;753;0,85
0,050423156;0,694595784;798;0,85
0,045765874;0,937604351;1109;0,85
0,056637471;0,888723736;622;0,85
0,05340414;0,61629741;1212;0,85
0,060436682;0,69503555;630;0,85
0,052493492;0,898153043;602;0,85
0,050523714;0,414963799;1213;0,85
0,041676604;0,976492818;1096;0,85
0,065511307;0,781920279;798;0,85
0,030740187;0,770695431;1307;0,85
0,048150903;0,843167739;929;0,85
0,038748883;0,804847869;978;0,85
0,059075907;0,820406399;765;0,85
0,058898456;0,792443;571;0,85
0,032811962;0,98379252;750;0,85
0,062817467;0,935861523;677;0,85
0,054579835;0,988630947;810;0,85
0,053456661;0,786675209;700;0,85
0,054784938;0,674032179;639;0,85
0,052281272;0,810762053;783;0,85
0,041598442;0,952258317;923;0,85
0,045855792;0,988330521;655;0,85
0,044228178;0,7624434;781;0,85
0,05298961;0,95221908;818;0,85
0,054451549;0,888434574;716;0,85
0,050370155;0,983983573;665;0,85
0,050370155;0,845713944;665;0,85
0,058335199;0,771786514;838;0,85
0,046809236;0,815890738;862;0,85
0,05688284;0,971714855;518;0,85
0,049625543;0,659273012;823;0,85
0,050561346;0,813340054;586;0,85
0,045450482;0,842666146;640;0,85
0,052211531;0,939758209;783;0,85
0,037324425;0,963304522;895;0,85
0,062173896;0,936079875;677;0,85
0,051584123;0,642829611;540;0,85
0,053969945;0,999728922;715;0,85
0,054786931;0,721204459;1117;0,85
0,044026926;0,362821413;1261;0,85
0,056227328;0,703902327;769;0,85
0,04900091;0,623593798;945;0,85
0,053055623;0,995098094;746;0,85
0,052977618;0,786637832;818;0,85
0,054306562;0,712472554;832;0,85
0,049331139;0,69782456;832;0,85
0,052318246;0,812516477;783;0,85
0,050245596;0,927740487;717;0,85
0,042060635;0,879412453;867;0,85
0,052682785;0,866129019;659;0,85
0,055256565;0,830167418;716;0,85
0,049893045;0,742806794;558;0,85
0,043112931;0,814935775;919;0,85
0,052194337;0,754079132;839;0,85
0,049768026;0,782194393;798;0,85
0,052012482;0,868425978;710;0,85
0,050261088;0,818638853;960;0,85
0,052963974;0,594499656;729;0,85
0,053587264;0,874204276;869;0,85
0,052393921;0,97904244;801;0,85
0,054913659;0,900256685;810;0,85
0,053603071;0,944725994;764;0,85
0,055183176;0,818655121;1057;0,85
0,055687224;0,957327894;1125;0,85
0,055029337;0,798650082;985;0,85
0,0551657;0,894965904;1166;0,85
0,054231159;0,706644095;800;0,85
0,055053109;0,840996847;1002;0,85
0,055636437;0,927740487;936;0,85
0,055373395;0,914775839;1181;0,85
0,055142749;0,877890107;1223;0,85
0,04327307;0,724668471;902;0,85
0,055256565;0,819722505;974;0,85
0,056707888;0,984774579;887;0,85
0,055256565;0,830167418;1003;0,85
0,048976188;0,813466711;683;0,85
0,043146492;0,8468206;652;0,85
0,055143493;0,913416523;1181;0,85
0,055003377;0,79965859;1037;0,85
0,050889786;0,733030635;788;0,85
0,055256565;0,844568736;990;0,85
0,055315243;0,888446073;940;0,85
0,053949498;0,859398618;800;0,85
0,051220518;0,648861161;767;0,85
0,055143493;0,954103266;987;0,85
0,055588718;0,877890107;969;0,85
0,05408466;0,754006325;782;0,85
0,055143493;0,902653093;985;0,85
0,056607583;0,761915164;902;0,85
0,055260793;0,973789493;1012;0,85
0,060180804;0,880226255;605;0,85
0,058469026;0,759238458;822;0,85
0,052442141;0,865450252;613;0,85
0,060180804;0,880226255;605;0,85
0,052364015;0,74127478;845;0,85
0,051811;0,666689067;794;0,85
0,047448156;0,894445802;938;0,85
0,055143493;0,931605165;987;0,85
0,054913659;0,756410806;566;0,85
0,046809236;0,894602288;711;0,85
0,041244945;0,779842667;1032;0,85
0,052332037;0,475182646;1071;0,85
0,070538903;0,94538396;878;0,85
0,076829735;0,772609187;1350;0,85
0,061367095;0,765567557;1335;0,85
0,070225716;0,965905625;758;0,85
0,061202081;0,76042704;899;0,85
0,006473086;0,862917711;935;0,85
0,070364089;0,971555147;844;0,85
0,057403042;0,73592779;696;0,85
0,051834003;0,798775885;621;0,85
0,049075732;0,821096488;802;0,85
0,047338967;0,840697104;729;0,85
0,048008769;0,7405306;866;0,85
0,056265421;0,716236572;899;0,85
0,05155512;0,722904195;938;0,85
0,062659463;0,772288965;823;0,85
0,052063956;0,901247631;860;0,85
0,061355473;0,768344226;899;0,85
0,043146492;0,935313005;774;0,85
0,050737236;0,884431796;781;0,85
0,050748224;0,932650342;719;0,85
0,050772581;0,657792907;1034;0,85
0,070129458;0,984522354;1115;0,85
0,054367516;0,698655783;796;0,85
0,04990644;0,909000746;683;0,85
0,043838927;0,648861161;911;0,85
0,052767791;0,843317317;625;0,85
0,052430673;0,893050549;918;0,85
0,052300073;0,777183343;767;0,85
0,048283941;0,986695819;949;0,85
0,058679791;0,937080884;619;0,85
0,052472956;0,903995194;918;0,85
0,058846792;0,56417285;911;0,85
0,062999594;0,518592201;832;0,85
0,052497722;0,841545227;724;0,85
0,050075727;0,686960235;493;0,85
0,051803095;0,821120548;938;0,85
0,052145031;0,759112339;906;0,85
0,05039611;0,910052672;792;0,85
0,043809773;0,940741939;844;0,85
0,052245605;0,98362338;897;0,85
0,054458243;0,73544511;825;0,85
0,054511775;0,7624434;813;0,85
0,052488569;0,931906226;918;0,85
0,062566378;0,760720903;899;0,85
0,061186651;0,940427832;826;0,85
0,065308462;0,757091687;702;0,85
0,059490059;0,741851009;814;0,85
0,049901384;0,834146467;768;0,85
0,056897497;0,744270153;875;0,85
0,051136829;0,721284957;707;0,85
0,043336548;0,891593094;729;0,85
0,051709804;0,628764055;823;0,85
0,048657241;0,974766735;677;0,85
0,053747038;0,822088171;912;0,85
0,055573206;0,594499656;820;0,85
0,043749772;0,749203609;1041;0,85
0,055212652;0,7624434;801;0,85
0,059571994;0,758549006;772;0,85
0,04159383;0,836037914;949;0,85
0,037101262;0,83171278;677;0,85
0,049880555;0,665197607;882;0,85
0,054268673;0,89873055;912;0,85
0,053594133;0,754994928;942;0,85
0,047888686;0,451124729;752;0,85
0,052566823;0,897926911;724;0,85
0,061220861;0,777641103;1310;0,85
0,051891067;0,99652442;787;0,85
0,054102768;0,856774552;900;0,85
0,083215589;0,866924384;996;0,86
0,020154054;0,611936429;352;0,86
0,035664459;0,945672553;1151;0,86
0,083215589;0,894889113;823;0,86
0,035664459;0,797909415;1151;0,86
0,062505231;0,680943777;659;0,86
0,05725302;0,920435674;771;0,86
0,050722829;0,872399406;890;0,86
0,043742498;0,861227551;935;0,86
0,030553722;0,947872844;771;0,86
0,03808167;0,717557469;790;0,86
0,057467306;0,86926831;560;0,86
0,043661799;0,75382895;827;0,86
0,053139607;0,876423612;675;0,86
0,041435133;0,765406716;935;0,86
0,053775873;0,726110983;747;0,86
0,058865018;0,721758211;883;0,86
0,04164278;0,720732265;934;0,86
0,049247734;0,726645835;796;0,86
0,049595435;0,874942762;912;0,86
0,046696991;0,783214077;807;0,86
0,04903338;0,745713995;845;0,86
0,059184889;0,927042125;639;0,86
0,042896664;0,879517673;726;0,86
0,044428876;0,65041534;837;0,86
0,052615467;0,849277833;539;0,86
0,054663319;0,828573312;739;0,86
0,055155064;0,920067905;809;0,86
0,054600311;0,788737834;809;0,86
0,058026025;0,799510392;611;0,86
0,050109512;0,780940577;608;0,86
0,059392493;0,798543418;814;0,86
0,054601545;0,991475974;739;0,86
0,050161992;0,786637832;488;0,86
0,057016105;0,993989608;735;0,86
0,056862348;0,875650544;757;0,86
0,065094996;0,890960741;573;0,86
0,050076915;0,657083791;614;0,86
0,055000053;0,902559553;641;0,86
0,052914004;0,871113495;676;0,86
0,054593619;0,742153292;823;0,86
0,048094931;0,869539119;856;0,86
0,050469071;0,856857095;719;0,86
0,049868172;0,891652476;756;0,86
0,053747038;0,80936622;761;0,86
0,043478997;0,796804394;1023;0,86
0,051770022;0,793614613;757;0,86
0,052170701;0,935181113;815;0,86
0,042776484;0,934216821;726;0,86
0,053577831;0,982863805;943;0,86
0,055099556;0,843578565;846;0,86
0,049555701;0,721284957;817;0,86
0,053909956;0,889189454;770;0,86
0,062910964;0,955370943;1296;0,86
0,062957668;0,786644683;1076;0,86
0,06308585;0,95221908;958;0,86
0,063571388;0,942637682;923;0,86
0,063563682;0,883729242;832;0,86
0,063360978;0,806510159;817;0,86
0,054458243;0,773988273;526;0,86
0,055996163;0,787404416;755;0,86
0,049160733;0,835584325;917;0,86
0,063075391;0,837399122;1026;0,86
0,007221034;0,937783304;1274;0,86
0,052217104;0,717900487;1362;0,86
0,05069112;0,849524678;707;0,86
0,057138529;0,672036389;861;0,86
0,048670548;0,981080749;739;0,86
0,052227803;0,728480266;992;0,86
0,048932969;0,759528186;862;0,86
0,040370375;0,999589972;938;0,86
0,060307149;0,797547129;436;0,86
0,083955465;0,697167747;1190;0,86
0,028080707;0,976241327;1176;0,86
0,058199323;0,890486105;1111;0,86
0,022296335;0,74672524;1218;0,86
0,050423184;0,93613629;869;0,86
0,058123833;0,610220554;1158;0,86
0,083955465;0,697167747;1018;0,86
0,058904708;0,651662193;597;0,86
0,060322436;0,684658712;1120;0,86
0,04878913;0,7624434;917;0,86
0,052692082;0,834350377;794;0,86
0,063539293;0,827440332;772;0,86
0,049708348;0,835231718;794;0,86
0,074053829;0,657896044;1043;0,86
0,059431673;0,94693811;749;0,86
0,058174541;0,983983573;1062;0,86
0,050577382;0,76492883;906;0,86
0,05394453;0,594499656;944;0,86
0,040643746;0,829898913;846;0,86
0,054976349;0,824078324;719;0,86
0,046236498;0,777065676;766;0,86
0,052386774;0,811084822;796;0,86
0,051710867;0,65041534;821;0,86
0,05471702;0,877890107;782;0,86
0,054601545;0,836598885;717;0,86
0,052857987;0,952533726;874;0,86
0,052599791;0,89873055;796;0,86
0,053702546;0,771878111;898;0,86
0,058517938;0,788758507;909;0,86
0,054438448;0,928588403;799;0,86
0,058407679;0,853745106;952;0,86
0,062244905;0,928248212;750;0,86
0,050469072;0,877265877;791;0,86
0,061444505;0,802256074;801;0,86
0,050721055;0,803858097;597;0,86
0,058362765;0,950019847;1172;0,86
0,054360322;0,783602843;782;0,86
0,052442907;0,806716865;759;0,86
0,052656741;0,868360792;759;0,86
0,054582365;0,733468981;770;0,86
0,058432346;0,897926911;899;0,86
0,052723377;0,928588403;799;0,86
0,058174541;0,970062173;958;0,86
0,048690595;0,780433844;917;0,86
0,054288278;0,932932937;737;0,86
0,052464533;0,92008235;870;0,86
0,058502183;0,955630739;969;0,86
0,05656796;0,772746415;937;0,86
0,045776657;0,958795221;694;0,86
0,056958799;0,754070133;723;0,86
0,060160119;0,56983854;898;0,86
0,040143737;0,863808091;765;0,86
0,054528085;0,961570693;880;0,86
0,048869823;0,638453331;943;0,86
0,051780821;0,81264138;426;0,86
0,051285454;0,927398872;729;0,86
0,052230467;0,944040715;796;0,86
0,052615803;0,799656538;759;0,86
0,054528085;0,901652934;806;0,86
0,043761215;0,877890107;681;0,86
0,049621902;0,999122365;625;0,86
0,036139068;0,925935508;1011;0,86
0,051050018;0,840725385;894;0,86
0,061436706;0,811392699;897;0,86
0,040741445;0,920435674;1017;0,86
0,060179828;0,828124567;730;0,86
0,080301548;0,873094621;1179;0,86
0,036139068;0,935274097;1011;0,86
0,037866976;0,640905527;1117;0,86
0,055452255;0,582420458;1079;0,86
0,053842194;0,971781417;734;0,86
0,047459398;0,982834536;899;0,86
0,052908006;0,633206328;924;0,86
0,054678059;0,850410407;688;0,86
0,056365225;0,767653328;743;0,86
0,057962933;0,920435674;759;0,86
0,050075244;0,757088448;721;0,86
0,047753534;0,983983573;727;0,86
0,061902038;0,813528713;898;0,86
0,049930113;0,889192567;918;0,86
0,052663711;0,742540838;754;0,86
0,047002939;0,884598475;884;0,86
0,055082978;0,751176214;684;0,86
0,055803906;0,940741939;839;0,86
0,063571388;0,942637682;696;0,86
0,061828212;0,852466162;908;0,86
0,052497722;0,743704448;630;0,86
0,06391511;0,638550363;843;0,86
0,053074199;0,876196294;364;0,86
0,061471974;0,902189231;945;0,86
0,054093381;0,703324569;888;0,86
0,047938903;0,908163921;892;0,86
0,047118914;0,804787236;917;0,86
0,04519074;0,771348839;898;0,86
0,0517178;0,475718343;671;0,86
0,062565063;0,879498981;722;0,86
0,053558544;0,928588403;707;0,86
0,044265067;0,738521819;711;0,86
0,057817154;0,812860231;709;0,86
0,051517745;0,933221575;655;0,86
0,061847121;0,820893282;892;0,86
0,058215451;0,844888318;794;0,86
0,051220855;0,871553966;835;0,86
0,048627537;0,958563918;728;0,86
0,049082448;0,363182596;1135;0,86
0,047137111;0,629635602;772;0,86
0,045761574;0,808288229;865;0,86
0,067632809;0,661508134;648;0,86
0,04401256;0,735475458;710;0,86
0,049606658;0,829600202;677;0,86
0,050144631;0,988331886;761;0,86
0,053454955;0,874885911;908;0,86
0,046890731;0,769950345;799;0,86
0,055256565;0,84843296;767;0,86
0,022921886;0,594499656;703;0,86
0,058939763;0,749516577;938;0,86
0,040643746;0,974879325;991;0,86
0,056713573;0,595124281;734;0,86
0,041150516;0,939960595;649;0,86
0,047879337;0,903869196;757;0,86
0,047140478;0,80802747;772;0,86
0,049061703;0,848176919;823;0,86
0,052219339;0,875878781;951;0,86
0,053747038;0,750133086;575;0,86
0,055256565;0,651602;821;0,86
0,049320204;0,787404416;959;0,86
0,05335734;0,933458662;864;0,86
0,047140478;0,998511368;772;0,86
0,052044968;0,941096902;813;0,86
0,088602186;0,781551898;1107;0,86
0,023722015;0,995363074;1338;0,86
0,020154054;0,611936429;1154;0,86
0,083960001;0,644393447;1120;0,86
0,057467306;0,894889113;724;0,86
0,056772075;0,997270517;657;0,86
0,045639849;0,982517345;752;0,86
0,055939389;0,772920007;596;0,86
0,057432244;0,882201975;724;0,86
0,056120114;0,888651868;566;0,86
0,057432244;0,879145573;724;0,86
0,060970932;0,825375796;720;0,86
0,057707826;0,885566093;650;0,86
0,054457612;0,742438866;600;0,86
0,043560086;0,851687508;695;0,86
0,052371004;0,801491587;887;0,86
0,051428117;0,909379804;856;0,86
0,05471702;0,468739898;945;0,86
0,062802127;0,633206328;595;0,86
0,051568959;0,927350332;604;0,86
0,054367516;0,878228384;903;0,86
0,055390231;0,710011887;917;0,86
0,048585942;0,649175512;830;0,86
0,056812664;0,912450356;924;0,86
0,052027045;0,900494981;852;0,86
0,050469072;0,910675774;1179;0,86
0,060608373;0,759112339;1181;0,86
0,05591305;0,888691544;729;0,86
0,057823098;0,999728922;715;0,86
0,05644009;0,809504443;982;0,86
0,053332174;0,809359525;796;0,86
0,053016458;0,973559977;828;0,86
0,056605024;0,888446073;812;0,86
0,052322907;0,926497664;836;0,86
0,059615696;0,924688321;772;0,86
0,056866028;0,801763441;1117;0,86
0,045706686;0,936957659;790;0,86
0,053796604;0,861224964;871;0,86
0,052493492;0,781731222;772;0,86
0,049736229;0,917787351;772;0,86
0,056662255;0,948571073;1034;0,86
0,050481564;0,817017168;1238;0,86
0,049733559;0,729998507;754;0,86
0,05668;0,960319326;1117;0,86
0,052305152;0,614955408;406;0,86
0,050296283;0,820648859;1049;0,86
0,055333669;0,879863955;702;0,86
0,056441171;0,928588403;932;0,86
0,051670254;0,996364962;852;0,86
0,050221461;0,79703062;1137;0,86
0,049653702;0,848196258;704;0,86
0,050655325;0,999728922;1310;0,86
0,046447411;0,87717247;1040;0,86
0,051504765;0,385420878;1137;0,86
0,050008605;0,882336729;1037;0,86
0,062418632;0,813351695;780;0,86
0,0565211;0,808317686;1130;0,86
0,061136199;0,787694246;823;0,86
0,056766332;0,782504264;655;0,86
0,051099148;0,888446073;666;0,86
0,051979285;0,826467121;880;0,86
0,05663229;0,897926911;1295;0,86
0,056432873;0,866520264;934;0,86
0,050464781;0,853635091;1148;0,86
0,050464781;0,876481653;1148;0,86
0,050824517;0,883696922;856;0,86
0,055147616;0,750023968;733;0,86
0,052137825;0,97533096;749;0,86
0,05403264;0,994763852;820;0,86
0,054367516;0,77098119;513;0,86
0,048289709;0,894747148;879;0,86
0,051770022;0,896200281;638;0,86
0,052801466;0,983722714;826;0,86
0,046033887;0,927740487;714;0,86
0,048719955;0,560366449;829;0,86
0,038628502;0,751061227;1329;0,86
0,0592939;0,793250817;1394;0,86
0,041801634;0,709144889;716;0,86
0,059808287;0,91120819;1123;0,86
0,049460553;0,915917715;724;0,86
0,054601545;0,81264138;620;0,86
0,052884808;0,822645448;736;0,86
0,059407851;0,888446073;913;0,86
0,052416829;0,879886906;885;0,86
0,041021152;0,640689446;867;0,86
0,054294941;0,701626593;709;0,86
0,057210073;0,648861161;813;0,86
0,056606981;0,83631581;791;0,86
0,046627498;0,700417801;887;0,86
0,053837214;0,862815779;850;0,86
0,055704472;0,721855502;770;0,86
0,059737589;0,815899306;917;0,86
0,052314417;0,832198349;736;0,86
0,054249888;0,763785323;835;0,86
0,059941731;0,688383113;690;0,86
0,052135273;0,701603409;687;0,86
0,053604209;0,862815779;867;0,86
0,052052916;0,663937039;975;0,86
0,060185473;0,737758324;849;0,86
0,053976512;0,786480748;850;0,86
0,054258758;0,858506222;850;0,86
0,059891849;0,887843998;943;0,86
0,052243289;0,903903435;736;0,86
0,059507541;0,991171302;1023;0,86
0,048160663;0,780608838;701;0,86
0,074518631;0,763626056;1140;0,86
0,044079204;0,891148519;755;0,86
0,035741849;0,911602076;1045;0,86
0,047813992;0,824376995;858;0,86
0,040643746;0,954425871;748;0,86
0,064942965;0,691236374;592;0,86
0,064942965;0,739275807;609;0,86
0,048260768;0,830167418;904;0,86
0,052300334;0,758362618;589;0,86
0,049697403;0,845546227;747;0,86
0,049418381;0,90691554;835;0,86
0,052371004;0,83631581;643;0,86
0,060069263;0,704024714;793;0,86
0,047324026;0,759070177;725;0,86
0,051408022;0,963224206;543;0,86
0,034726111;0,763785323;1031;0,86
0,045829277;0,904549537;961;0,86
0,030553837;0,792690586;827;0,86
0,05420096;0,978854828;1120;0,86
0,054312367;0,810902823;549;0,86
0,054056837;0,902908704;1341;0,86
0,056156443;0,882201975;631;0,86
0,056156443;0,835524069;631;0,86
0,057194291;0,920435674;953;0,86
0,053456661;0,752918404;1056;0,86
0,049833553;0,895700124;872;0,86
0,050265834;0,784924348;899;0,86
0,057631354;0,745887999;733;0,86
0,050737236;0,894276988;877;0,86
0,048846826;0,843593821;717;0,86
0,058458128;0,887361171;862;0,86
0,048411236;0,791989052;930;0,86
0,053942489;0,977751741;1004;0,86
0,050282518;0,882201975;736;0,86
0,041516065;0,723888139;855;0,86
0,013070125;0,55288952;1023;0,86
0,047454294;0,740887857;792;0,86
0,038688036;0,632774379;747;0,86
0,047932352;0,983983573;846;0,86
0,054469779;0,953511816;852;0,86
0,055788158;0,755792791;818;0,86
0,065118092;0,766098065;713;0,86
0,052024907;0,834920951;675;0,86
0,055892356;0,79073039;723;0,86
0,054511775;0,691582954;869;0,86
0,045974154;0,822645448;718;0,86
0,045055925;0,913036194;702;0,86
0,058613413;0,886362304;755;0,86
0,05332583;0,802266657;744;0,86
0,050826795;0,899874467;844;0,86
0,054274508;0,828752101;992;0,86
0,055997283;0,999214554;753;0,86
0,063446143;0,962177362;707;0,86
0,057257075;0,947994508;793;0,86
0,054094604;0,988163779;1175;0,86
0,055205992;0,6734702;839;0,86
0,057743659;0,931959822;1005;0,86
0,063298288;0,649117323;785;0,86
0,06278208;0,992158125;791;0,86
0,0509103;0,719792513;956;0,86
0,054119256;0,840201969;1041;0,86
0,051781358;0,903913468;595;0,86
0,053663299;0,816118907;1047;0,86
0,050471296;0,802679847;804;0,86
0,047854321;0,716236572;716;0,86
0,050099714;0,832198349;736;0,86
0,054121069;0,665387369;678;0,86
0,060320234;0,635220757;752;0,86
0,046486273;0,71365045;1137;0,86
0,050144631;0,907165285;740;0,86
0,05071633;0,696027695;482;0,86
0,052302528;0,79618261;722;0,86
0,054601545;0,818314965;676;0,86
0,057174024;0,820171336;937;0,86
0,055000815;0,747109076;848;0,86
0,050652106;0,779991323;987;0,86
0,04345106;0,863660325;766;0,86
0,058342942;0,901362416;866;0,86
0,053813161;0,822956931;1012;0,86
0,054082931;0,881052758;1002;0,86
0,054590632;0,759996285;539;0,86
0,057728788;0,953180461;937;0,86
0,056590022;0,678700114;956;0,86
0,060889155;0,799656538;772;0,86
0,053811342;0,900256685;957;0,86
0,057249836;0,80851763;1043;0,86
0,047157173;0,834211642;854;0,86
0,047839593;0,917030223;764;0,86
0,045724989;0,778197277;740;0,86
0,054107394;0,839505591;1039;0,86
0,043708901;0,699718132;1213;0,86
0,043146492;0,767177654;855;0,86
0,052727134;0,712921994;666;0,86
0,05372476;0,989773364;1260;0,86
0,05399637;0,908087901;1121;0,86
0,057261595;0,913048345;993;0,86
0,054096372;0,825602214;1060;0,86
0,052945761;0,784891472;938;0,86
0,054288278;0,972692816;828;0,86
0,052663792;0,990523148;760;0,86
0,051538702;0,939014695;734;0,86
0,052007702;0,797229474;933;0,86
0,055036001;0,977496729;725;0,86
0,054080067;0,918134431;987;0,86
0,057695218;0,894445802;1007;0,86
0,043742498;0,861227551;845;0,86
0,053077138;0,910477099;1319;0,86
0,053329067;0,833038141;1012;0,86
0,053912217;0,920807007;602;0,86
0,05934362;0,687692745;1008;0,86
0,059483489;0,983983573;697;0,86
0,057314726;0,794758233;766;0,86
0,051809724;0,989729003;752;0,86
0,054288278;0,614158903;1043;0,86
0,053718572;0,858506222;602;0,86
0,053019595;0,935009029;985;0,86
0,059294037;0,89873055;697;0,86
0,0520446;0,787404416;925;0,86
0,051994834;0,858506222;752;0,86
0,0533207;0,820965454;1019;0,86
0,047631696;0,778292795;737;0,86
0,054511775;0,744692621;716;0,86
0,051161799;0,920527328;772;0,86
0,052947214;0,996910183;1035;0,86
0,054367516;0,931183105;792;0,86
0,052173334;0,96381891;835;0,86
0,053307679;0,96383517;1042;0,86
0,060307149;0,614794362;1345;0,86
0,040241865;0,905847982;855;0,86
0,032426535;0,605067647;1360;0,86
0,028407381;0,815009376;1275;0,86
0,056031494;0,985771389;739;0,86
0,04726772;0,912767702;949;0,86
0,051550695;0,612763982;825;0,86
0,042633269;0,879159303;1012;0,86
0,056340218;0,703987432;1231;0,86
0,056662427;0,787495083;713;0,86
0,055692652;0,888446073;635;0,86
0,04980547;0,648877092;821;0,86
0,04721026;0,908103126;827;0,86
0,057842115;0,701387758;819;0,86
0,056751647;0,877313193;746;0,86
0,053927715;0,931906226;769;0,86
0,054905392;0,920850779;789;0,86
0,06266323;0,684094898;1021;0,86
0,04990644;0,822645448;882;0,86
0,045785005;0,819466138;1043;0,86
0,060586971;0,806498098;592;0,86
0,049330217;0,891593094;700;0,86
0,046015654;0,989403763;1043;0,86
0,050408199;0,689680007;934;0,86
0,042191934;0,886325227;1012;0,86
0,05739188;0,604449793;915;0,86
0,057796496;0,999728922;663;0,86
0,048194513;0,820607933;686;0,86
0,052999878;0,694389051;918;0,86
0,05247247;0,800788759;898;0,86
0,063887317;0,962885294;713;0,86
0,05702666;0,715875384;747;0,86
0,055204826;0,787132977;705;0,86
0,054601736;0,858401125;789;0,86
0,052486695;0,823572868;765;0,86
0,052340922;0,665387369;812;0,86
0,046983375;0,946129078;998;0,86
0,052519784;0,904132064;911;0,86
0,051932094;0,99769416;923;0,86
0,05477863;0,957826744;789;0,86
0,056132747;0,511109793;870;0,86
0,052197086;0,954508275;911;0,86
0,052341158;0,989088983;733;0,86
0,049897506;0,888086187;870;0,86
0,061668234;0,865854288;537;0,86
0,059961888;0,731054626;525;0,86
0,057347896;0,666689067;1219;0,86
0,049448171;0,666689067;739;0,86
0,030703824;0,90705184;1372;0,86
0,052615169;0,611128005;505;0,86
0,052440761;0,900471832;805;0,86
0,051220518;0,942165211;893;0,86
0,061081392;0,795581757;704;0,86
0,060469427;0,974643563;621;0,86
0,06206033;0,594499656;1117;0,86
0,034813468;0,877890107;1024;0,86
0,049211627;0,877890107;964;0,86
0,054367516;0,777271274;736;0,86
0,05155512;0,922089306;663;0,86
0,048533757;0,911144475;768;0,86
0,047289519;0,737159139;767;0,86
0,05524167;0,91788069;827;0,86
0,053501473;0,814643893;768;0,86
0,054269928;0,927740487;736;0,86
0,054673066;0,876611025;691;0,86
0,052162803;0,824187625;807;0,86
0,057443;0,673263483;947;0,86
0,053492559;0,814814783;768;0,86
0,045730206;0,774485678;787;0,86
0,062564525;0,774943527;717;0,86
0,060380052;0,822645448;743;0,86
0,052497722;0,834146467;763;0,86
0,046809236;0,870814494;895;0,86
0,062234203;0,983957011;790;0,86
0,049786112;0,913494107;784;0,86
0,055143493;0,88120596;761;0,86
0,052715179;0,817200578;805;0,86
0,052823535;0,897708825;711;0,86
0,05202043;0,826585821;722;0,86
0,044804236;0,788737834;937;0,86
0,052323804;0,920610774;959;0,86
0,05246277;0,786768257;807;0,86
0,049326857;0,716759495;788;0,86
0,053036627;0,809094345;634;0,86
0,042016673;0,92049205;1039;0,86
0,053646879;0,899731039;772;0,86
0,041778676;0,740476509;837;0,86
0,053302291;0,77639159;758;0,86
0,054033685;0,823759609;772;0,86
0,054717026;0,742380271;824;0,86
0,054760734;0,95837977;824;0,86
0,048363676;0,886070382;898;0,86
0,050642773;0,656119782;832;0,86
0,043991022;0,790420268;1106;0,86
0,057089917;0,625040114;739;0,86
0,052034307;0,755332128;948;0,86
0,053594133;0,701434837;911;0,86
0,052707606;0,805280965;959;0,86
0,052314353;0,956132479;711;0,86
0,051440181;0,877890107;700;0,86
0,053175348;0,894238822;634;0,86
0,052188885;0,99862231;797;0,86
0,052188885;0,99862231;797;0,86
0,04993485;0,964057891;610;0,86
0,043164101;0,759112339;709;0,86
0,063887317;0,819946055;797;0,86
0,063442757;0,759069635;851;0,86
0,039723422;0,888651868;1274;0,86
0,06287519;0,780273001;882;0,86
0,05458367;0,750856815;717;0,86
0,046762575;0,700878321;898;0,86
0,063634183;0,701387758;591;0,86
0,045870634;0,920991865;691;0,86
0,052861899;0,821109401;959;0,86
0,045729928;0,83869614;691;0,86
0,048051023;0,817119472;951;0,86
0,054701924;0,665387369;886;0,86
0,049172395;0,788737834;767;0,86
0,050850608;0,832198349;736;0,86
0,046662239;0,823132331;863;0,86
0,0548431;0,80570007;868;0,86
0,05491816;0,885799955;678;0,86
0,054288278;0,668190854;711;0,86
0,054827025;0,943303711;678;0,86
0,057414681;0,799656538;831;0,86
0,055148079;0,636532825;777;0,86
0,040241865;0,90705184;1338;0,86
0,035916274;0,876864265;975;0,86
0,054921326;0,847255824;825;0,86
0,040241865;0,885029935;1338;0,86
0,047280813;0,840523015;723;0,86
0,042931638;0,844607834;1181;0,86
0,058908242;0,897496255;733;0,86
0,053611572;0,705719838;928;0,86
0,041997544;0,732219284;1073;0,86
0,05460172;0,94437383;884;0,86
0,058631037;0,749237101;706;0,86
0,043388254;0,875637362;1380;0,86
0,049319434;0,956188646;783;0,86
0,057109072;0,787924952;651;0,86
0,061091032;0,751061227;665;0,86
0,05195439;0,864878702;730;0,86
0,050565998;0,771272434;776;0,86
0,049575147;0,839251623;883;0,86
0,052440697;0,876859212;813;0,86
0,049544489;0,721284957;720;0,86
0,054160146;0,588989304;928;0,86
0,047892394;0,888496972;688;0,86
0,052722038;0,822578205;698;0,86
0,037947489;0,749203609;389;0,86
0,049872777;0,69782456;868;0,86
0,049148437;0,721322956;1099;0,86
0,052575517;0,877890107;860;0,86
0,05001961;0,665387369;607;0,86
0,054590632;0,531611591;814;0,86
0,052096718;0,723317751;1152;0,86
0,037995959;0,78749846;1240;0,86
0,050909482;0,983983573;1083;0,86
0,042460825;0,895196889;1120;0,86
0,057452864;0,754404903;906;0,86
0,045762474;0,960210807;953;0,86
0,057452864;0,781003362;995;0,86
0,029755936;0,888651868;726;0,86
0,050830535;0,837066379;1089;0,86
0,04919022;0,915293739;690;0,86
0,050737236;0,938157225;981;0,86
0,047843978;0,697391796;860;0,86
0,038150505;0,74390522;974;0,86
0,058174541;0,95051983;836;0,86
0,046271421;0,756184658;891;0,86
0,020342707;0,818873607;851;0,86
0,060702681;0,859318736;849;0,86
0,050340492;0,568316822;825;0,86
0,048158751;0,795494127;805;0,86
0,049448128;0,769511322;770;0,86
0,051412942;0,839593478;1181;0,86
0,061367095;0,751200701;857;0,86
0,0573631;0,971952202;733;0,86
0,05076092;0,838796979;1183;0,86
0,049331139;0,716236572;798;0,86
0,057189736;0,689833059;734;0,86
0,060191033;0,870189088;780;0,86
0,057725942;0,781150937;1181;0,86
0,05213612;0,689357569;854;0,86
0,049925253;0,819066568;874;0,86
0,05192494;0,83631581;887;0,86
0,050144631;0,888640312;970;0,86
0,052930603;0,608417771;828;0,86
0,054367516;0,873919972;823;0,86
0,043257035;0,756726088;1101;0,86
0,052241768;0,87768161;692;0,86
0,054432584;0,820337079;743;0,86
0,056664435;0,606946056;886;0,86
0,052206083;0,666689067;997;0,86
0,051711732;0,648200254;754;0,86
0,055210622;0,785735956;778;0,86
0,052476033;0,752294477;809;0,86
0,038012092;0,938212751;540;0,86
0,058006788;0,904225958;696;0,86
0,045202621;0,82759865;872;0,86
0,051770022;0,94913009;942;0,86
0,04788075;0,862815779;987;0,86
0,043922121;0,880429256;1015;0,86
0,05487965;0,749702601;803;0,86
0,051272934;0,896270129;1018;0,86
0,049938607;0,726351987;719;0,86
0,054390229;0,941797242;892;0,86
0,050897407;0,885797962;667;0,86
0,054590632;0,977544729;870;0,86
0,064746284;0,344185048;1144;0,86
0,052926555;0,746003494;1012;0,86
0,052992719;0,862056873;899;0,86
0,053529317;0,736537644;965;0,86
0,058174541;0,772145478;729;0,86
0,052332037;0,878364246;1325;0,86
0,052244187;0,872399406;1111;0,86
0,052371004;0,83631581;1060;0,86
0,052258403;0,903718981;1035;0,86
0,033962543;0,642924701;1230;0,86
0,061393939;0,847649575;701;0,86
0,052371004;0,851762642;1195;0,86
0,052438177;0,905375395;1007;0,86
0,052497722;0,848000025;982;0,86
0,052838023;0,971432318;1152;0,86
0,052335498;0,962189259;1043;0,86
0,052618807;0,937953254;1143;0,86
0,049944743;0,954375901;759;0,86
0,052514999;0,951784052;1037;0,86
0,052416865;0,999728922;1310;0,86
0,052330812;0,915699605;975;0,86
0,052284236;0,787287676;1037;0,86
0,052275788;0,837945862;1021;0,86
0,052690801;0,838574517;1012;0,86
0,052184657;0,949948955;1040;0,86
0,052663033;0,87130169;980;0,86
0,052506943;0,853315857;1023;0,86
0,052476127;0,872095632;1060;0,86
0,052355431;0,954881431;982;0,86
0,052351287;0,986432098;1038;0,86
0,052591223;0,89873055;1238;0,86
0,052743373;0,964007665;1310;0,86
0,052486011;0,963173633;1071;0,86
0,052684774;0,788471757;987;0,86
0,052359774;0,894522116;1043;0,86
0,052334764;0,977761969;1152;0,86
0,052493492;0,956853195;1121;0,86
0,052468302;0,833907981;1018;0,86
0,052815564;0,979627704;1049;0,86
0,018702636;0,890201528;1162;0,86
0,050859018;0,633206328;986;0,86
0,032327586;0,827911918;1085;0,86
0,048653094;0,942192274;701;0,86
0,052371004;0,649101834;743;0,86
0,049562726;0,788672569;841;0,86
0,046943708;0,911810935;830;0,86
0,053190264;0,716236572;870;0,86
0,03891965;0,768258107;1043;0,86
0,061988323;0,81805884;772;0,86
0,054371854;0,594499656;1117;0,86
0,061462183;0,890890633;772;0,86
0,044854981;0,942985822;860;0,86
0,050953121;0,728512395;923;0,86
0,052466201;0,786637832;710;0,86
0,046809236;0,769511322;774;0,86
0,055039595;0,806017135;555;0,86
0,063887317;0,668814019;939;0,86
0,056805497;0,999417693;816;0,86
0,053199439;0,971296955;934;0,86
0,054562921;0,858745721;843;0,86
0,049929018;0,922550268;729;0,86
0,049280818;0,633901484;682;0,86
0,052497722;0,884260633;829;0,86
0,048299029;0,983321674;881;0,86
0,052908175;0,798213994;934;0,86
0,057162348;0,952186988;735;0,86
0,057162348;0,927740487;735;0,86
0,054512745;0,76875613;812;0,86
0,048890862;0,758190334;843;0,86
0,049906316;0,895094517;986;0,86
0,0522677;0,935077193;740;0,86
0,049894099;0,881903512;913;0,86
0,060386126;0,992155864;844;0,86
0,043659367;0,610220554;772;0,86
0,049880932;0,700060461;1396;0,86
0,0592939;0,701104509;1394;0,86
0,068650796;0,633206328;984;0,86
0,058872836;0,789822708;785;0,86
0,062229627;0,623646971;917;0,86
0,052764882;0,863346232;609;0,86
0,050492188;0,76485156;1117;0,86
0,058517938;0,642829611;586;0,86
0,060755373;0,606278952;754;0,86
0,032019125;0,710051308;1021;0,86
0,062445193;0,633206328;816;0,86
0,048944762;0,843102174;724;0,86
0,058679791;0,937080884;801;0,86
0,052506943;0,714433975;823;0,86
0,052130066;0,662007789;544;0,86
0,068121948;0,727375565;973;0,86
0,056980651;0,87004528;745;0,86
0,058597118;0,838405139;785;0,86
0,047338967;0,699718132;765;0,86
0,053218886;0,7624434;841;0,86
0,050223299;0,757227158;1037;0,86
0,058004523;0,850897628;768;0,86
0,052970665;0,890843122;696;0,86
0,045538286;0,831668358;813;0,86
0,051303911;0,903869196;656;0,86
0,052985432;0,976738934;581;0,86
0,045379813;0,808435152;834;0,86
0,055572809;0,716950982;747;0,86
0,055187321;0,864730538;804;0,86
0,049296678;0,991331549;833;0,86
0,054432584;0,904773252;653;0,86
0,05491816;0,866730976;653;0,86
0,04802033;0,834215205;775;0,86
0,062276889;0,662942405;880;0,86
0,056000558;0,976356103;750;0,86
0,055866189;0,567143562;1152;0,86
0,049631854;0,961308569;867;0,86
0,052401643;0,900359163;628;0,86
0,054640587;0,7624434;864;0,86
0,052154519;0,810049794;833;0,86
0,034755425;0,946020278;1006;0,86
0,054582365;0,687855795;649;0,86
0,043437739;0,707906144;857;0,86
0,045187427;0,859274702;648;0,86
0,055055004;0,921709732;697;0,86
0,049558861;0,818345704;821;0,86
0,057209862;0,693799539;907;0,86
0,050405128;0,905737259;738;0,86
0,0562897;0,978935613;697;0,86
0,060569281;0,995857226;677;0,86
0,042546747;0,692820343;550;0,86
0,050845547;0,909585853;764;0,86
0,051050018;0,840725385;722;0,86
0,043791575;0,864383347;1287;0,86
0,058904708;0,876864265;597;0,86
0,047004333;0,744797278;774;0,86
0,044063878;0,877886447;1238;0,86
0,032307063;0,903869196;884;0,86
0,065949754;0,786505464;722;0,86
0,051059106;0,840695047;722;0,86
0,054784938;0,679653303;909;0,86
0,053981789;0,762366895;821;0,86
0,049870579;0,640689446;896;0,86
0,046320988;0,78018007;1115;0,86
0,054306562;0,837346658;752;0,86
0,046685363;0,98340167;773;0,86
0,049210213;0,920435674;953;0,86
0,045134872;0,732751115;962;0,86
0,04906141;0,83496832;799;0,86
0,052497722;0,836555484;725;0,86
0,051393194;0,844687922;774;0,86
0,052429679;0,852010364;784;0,86
0,054601736;0,78246185;681;0,86
0,04990644;0,762848723;863;0,86
0,052135481;0,702478009;949;0,86
0,056791839;0,847057027;864;0,86
0,052440697;0,876859212;814;0,86
0,04976683;0,719331736;786;0,86
0,058540714;0,91244752;729;0,86
0,052078874;0,892340766;956;0,86
0,050144631;0,867930798;703;0,86
0,057384269;0,877890107;629;0,86
0,043671749;0,750870999;959;0,86
0,052729208;0,73655156;808;0,86
0,049373058;0,886454278;814;0,86
0,050356292;0,822578205;713;0,86
0,051846699;0,71648949;936;0,86
0,049845705;0,859707977;814;0,86
0,051958112;0,818407902;947;0,86
0,052452591;0,882415941;725;0,86
0,052776932;0,798838041;956;0,86
0,0600298;0,818680122;773;0,86
0,051693349;0,67095015;1042;0,86
0,059936404;0,758553468;1360;0,86
0,050804775;0,83631581;800;0,86
0,063887317;0,666689067;694;0,86
0,052385729;0,720964338;641;0,86
0,045725583;0,971933229;773;0,86
0,052371004;0,827331758;831;0,86
0,057428161;0,666575165;847;0,86
0,055327378;0,741275586;874;0,86
0,050463486;0,830563661;898;0,86
0,042105959;0,657221249;785;0,86
0,052497722;0,971907335;687;0,86
0,04049444;0,696054607;882;0,86
0,048663043;0,941705716;736;0,86
0,058517039;0,889909904;757;0,86
0,050560586;0,927873892;888;0,86
0,052318246;0,760453773;574;0,86
0,046158391;0,98384595;773;0,86
0,051770022;0,964605763;786;0,86
0,051640759;0,911630903;786;0,86
0,058614293;0,87709618;672;0,86
0,056651964;0,880429256;599;0,86
0,060708891;0,938077227;599;0,86
0,05542388;0,877328732;749;0,86
0,047843978;0,65041534;812;0,86
0,015297419;0,660402067;1111;0,86
0,058872836;0,786644683;1120;0,86
0,050423184;0,582420458;1079;0,86
0,058747706;0,78643895;923;0,86
0,041427263;0,644499852;1018;0,86
0,058904708;0,834187503;1122;0,86
0,058904708;0,963741908;979;0,86
0,059055783;0,854708503;953;0,86
0,059239852;0,933188115;902;0,86
0,051831028;0,95119437;705;0,86
0,048760389;0,944119561;789;0,86
0,05936652;0,678374349;838;0,86
0,059122733;0,88518527;900;0,86
0,054367516;0,887840773;680;0,86
0,049331139;0,717959578;886;0,86
0,058584314;0,871281283;937;0,86
0,054601545;0,69990404;1220;0,86
0,059118836;0,855798383;973;0,86
0,058632088;0,958188081;1034;0,86
0,054913659;0,91442781;680;0,86
0,058918396;0,798072544;999;0,86
0,05858448;0,890651837;956;0,86
0,058692373;0,88509722;1067;0,86
0,006473086;0,883206086;1057;0,86
0,060755373;0,97212311;1209;0,86
0,061367095;0,901439493;873;0,86
0,053431418;0,912748296;695;0,86
0,047847875;0,784156071;1143;0,86
0,047847875;0,784156071;1143;0,86
0,053842194;0,942192274;591;0,86
0,061202081;0,78749846;899;0,86
0,060755373;0,943774513;1043;0,86
0,061202081;0,808985129;899;0,86
0,060926323;0,877886447;895;0,86
0,053456661;0,882201975;695;0,86
0,037133968;0,985122548;1049;0,86
0,045072655;0,859133977;645;0,86
0,053449192;0,866545722;695;0,86
0,060926323;0,851952832;1351;0,86
0,059420975;0,834531755;834;0,86
0,060755373;0,949772028;949;0,86
0,060745421;0,839502312;1158;0,86
0,047338967;0,936703829;1351;0,86
0,050262776;0,786644683;720;0,86
0,056107119;0,594499656;797;0,86
0,047224569;0,877340323;1056;0,86
0,049469322;0,8351344;1043;0,86
0,049069881;0,636649349;899;0,86
0,05294792;0,742530217;770;0,86
0,054601736;0,967211558;761;0,86
0,054610078;0,788737834;780;0,86
0,047590379;0,825971861;1176;0,86
0,060954562;0,837606448;912;0,86
0,060755373;0,821652045;909;0,86
0,059635668;0,76778072;712;0,86
0,058435695;0,632020813;677;0,86
0,05246042;0,768224016;700;0,86
0,064942965;0,909120446;630;0,86
0,060755373;0,842589162;904;0,86
0,061025576;0,819886464;1054;0,86
0,053557785;0,69673625;677;0,86
0,046054119;0,89873055;1238;0,86
0,05316405;0,888691544;569;0,86
0,049331139;0,818188922;993;0,86
0,04654264;0,729932586;975;0,86
0,059545827;0,888691544;779;0,86
0,052608209;0,846136879;793;0,86
0,06090674;0,870525524;947;0,86
0,055256565;0,789971907;714;0,86
0,056918259;0,739521109;786;0,86
0,052163369;0,907286311;967;0,86
0,045675341;0,811671072;913;0,86
0,052204289;0,969685674;715;0,86
0,052274174;0,931597954;963;0,86
0,049388108;0,952969528;1132;0,86
0,055124218;0,832198349;689;0,86
0,051215112;0,837414493;718;0,86
0,054018854;0,721284957;705;0,86
0,050025213;0,905967888;720;0,86
0,052148708;0,888759271;967;0,86
0,0533747;0,721049819;828;0,86
0,059490059;0,750706979;922;0,86
0,047568498;0,799656538;937;0,86
0,052436611;0,880638207;671;0,86
0,048918378;0,918748172;757;0,86
0,052432485;0,835059279;715;0,86
0,052226853;0,977325963;756;0,86
0,060774517;0,890723403;863;0,86
0,044866954;0,751061227;1327;0,86
0,061436706;0,691851146;878;0,86
0,061436706;0,700060461;953;0,86
0,056495873;0,69097255;907;0,86
0,052244409;0,800561918;830;0,86
0,052656157;0,877890107;691;0,86
0,057034852;0,703987432;1231;0,86
0,050894802;0,837727836;756;0,86
0,061899729;0,837636049;663;0,86
0,058718684;0,724518407;816;0,86
0,052192533;0,954375901;830;0,86
0,053042387;0,847384879;677;0,86
0,052238019;0,909979114;830;0,86
0,049816566;0,746808138;893;0,86
0,051770022;0,8643476;691;0,86
0,050411755;0,703883228;903;0,86
0,049331139;0,871947419;734;0,86
0,048846826;0,887421196;1162;0,86
0,05155512;0,808985129;899;0,86
0,054458243;0,877600443;894;0,86
0,05155512;0,784924348;899;0,86
0,048846826;0,802771205;1162;0,86
0,053690401;0,973994404;685;0,86
0,048846826;0,843593821;1060;0,86
0,059124582;0,761437842;694;0,86
0,05808859;0,648861161;694;0,86
0,052156868;0,649312661;712;0,86
0,051539457;0,879796816;535;0,86
0,06743828;0,962062622;501;0,86
0,053685389;0,847214256;784;0,86
0,04871731;0,804364731;1137;0,86
0,048680105;0,876057327;1084;0,86
0,054511775;0,677324289;917;0,86
0,052122337;0,913036194;797;0,86
0,053472642;0,826883481;770;0,86
0,052680358;0,894031564;851;0,86
0,0519682;0,915693312;899;0,86
0,051191897;0,632042441;937;0,86
0,049283155;0,808774844;1310;0,86
0,051023199;0,958188081;762;0,86
0,054601736;0,856161542;894;0,86
0,052396389;0,946370933;864;0,86
0,054661542;0,890430173;847;0,86
0,053745629;0,950641401;784;0,86
0,006473086;0,611128005;1057;0,86
0,028816067;0,785585788;1341;0,86
0,030553722;0,747576663;1376;0,86
0,050423184;0,847956341;868;0,86
0,043771077;0,847255824;825;0,86
0,064942965;0,954375901;609;0,86
0,050737236;0,72195167;953;0,86
0,051535972;0,700259722;823;0,86
0,056837364;0,685862162;617;0,86
0,046809236;0,761868378;869;0,86
0,05390379;0,891970858;759;0,86
0,043671749;0,888691544;825;0,86
0,053086297;0,754460948;581;0,86
0,052995323;0,648861161;870;0,86
0,04803686;0,831021276;784;0,86
0,055492987;0,907769808;748;0,86
0,052506943;0,988494146;823;0,86
0,056768252;0,952552673;678;0,86
0,055430799;0,85401679;829;0,86
0,052776088;0,917973793;741;0,86
0,051785104;0,83631581;854;0,86
0,055315243;0,909837213;774;0,86
0,050178976;0,73872016;937;0,86
0,049193633;0,621546001;984;0,86
0,05287484;0,699718132;794;0,86
0,05471702;0,734623511;752;0,86
0,051000946;0,804035482;683;0,86
0,048670349;0,764446822;956;0,86
0,054511775;0,681657488;780;0,86
0,052579968;0,877890107;823;0,86
0,055143493;0,759112339;920;0,86
0,051979285;0,643319419;805;0,86
0,050932089;0,933722491;683;0,86
0,055144591;0,782105077;920;0,86
0,055854299;0,907934087;835;0,86
0,063747564;0,985771389;551;0,86
0,056107119;0,594499656;1117;0,86
0,053673649;0,904291427;606;0,86
0,054306562;0,701387758;801;0,86
0,05062465;0,828743484;722;0,86
0,04076961;0,657707049;972;0,86
0,059136179;0,947994508;674;0,86
0,052885903;0,758392663;710;0,86
0,053019595;0,765716079;710;0,86
0,051111743;0,721284957;814;0,86
0,052431122;0,889319967;619;0,86
0,050144631;0,907191829;856;0,86
0,063887317;0,856391574;704;0,86
0,028643889;0,888651868;1274;0,86
0,054582365;0,932485938;921;0,86
0,030553722;0,637051645;1376;0,86
0,052322874;0,792049996;750;0,86
0,050973353;0,796040538;889;0,86
0,057077913;0,786644683;739;0,86
0,060755373;0,640689446;728;0,86
0,050051443;0,787495083;841;0,86
0,042566206;0,705765719;965;0,86
0,050737236;0,936732447;724;0,86
0,049641848;0,857293716;781;0,86
0,04968717;0,877890107;824;0,86
0,053938207;0,832976502;799;0,86
0,054213045;0,816421377;799;0,86
0,049451457;0,91843445;873;0,86
0,05680689;0,831783222;861;0,86
0,050825376;0,961492492;761;0,86
0,046420051;0,95221908;1016;0,86
0,040763797;0,997270517;1151;0,86
0,050909482;0,983983573;867;0,86
0,051220518;0,648861161;843;0,86
0,050973353;0,817747133;872;0,86
0,049081622;0,703987432;935;0,86
0,049849942;0,781376144;772;0,86
0,051811347;0,985771389;618;0,86
0,051347608;0,855935064;741;0,86
0,047080402;0,805405759;876;0,86
0,046236498;0,951784052;823;0,86
0,047968451;0,792567548;956;0,86
0,054768804;0,913036194;833;0,86
0,061847003;0,922054565;715;0,86
0,053741193;0,699718132;990;0,86
0,054279928;0,689919385;1059;0,86
0,054991931;0,803774656;690;0,86
0,054049844;0,857506546;702;0,86
0,05444888;0,891593094;744;0,86
0,051985931;0,894591554;773;0,86
0,047338967;0,699718132;976;0,86
0,047811309;0,899177772;703;0,86
0,055579592;0,911625901;881;0,86
0,062850566;0,763299857;653;0,86
0,059544023;0,789826671;744;0,86
0,052619577;0,703987432;1231;0,86
0,052363009;0,704532357;1238;0,86
0,058829404;0,815853415;803;0,86
0,054657016;0,976343507;658;0,86
0,054590632;0,871970634;658;0,86
0,050059028;0,716236572;1099;0,86
0,047581907;0,738422626;988;0,86
0,040643746;0,786637832;710;0,86
0,054306562;0,701387758;898;0,86
0,038047994;0,867280124;710;0,86
0,038047994;0,880429256;710;0,86
0,058396745;0,897515073;723;0,86
0,054601545;0,78290184;885;0,86
0,052434429;0,871782149;840;0,86
0,051204108;0,713873716;715;0,86
0,062102355;0,938943067;677;0,86
0,041427263;0,915293739;821;0,86
0,06509574;0,998451478;1370;0,86
0,06509574;0,918005968;1337;0,86
0,031036276;0,667870491;1394;0,86
0,065094996;0,979550931;785;0,86
0,042896664;0,989403763;896;0,86
0,040028687;0,944517879;973;0,86
0,065094996;0,891431126;785;0,86
0,05155512;0,733030635;603;0,86
0,058736022;0,666689067;768;0,86
0,065094996;0,941414121;785;0,86
0,065700385;0,922744615;882;0,86
0,054267802;0,673252315;713;0,86
0,064017785;0,877859439;718;0,86
0,065297304;0,801258696;824;0,86
0,05188321;0,7624434;997;0,86
0,061828212;0,921709732;697;0,86
0,050144631;0,913036194;959;0,86
0,055835005;0,734292482;869;0,86
0,047444378;0,921095171;987;0,86
0,047831031;0,945820269;987;0,86
0,050144631;0,958188081;959;0,86
0,052506943;0,889551528;689;0,86
0,052176716;0,989403763;689;0,86
0,053956035;0,95647002;721;0,86
0,054104283;0,837460917;815;0,86
0,061367095;0,633206328;857;0,86
0,060755373;0,640689446;923;0,86
0,047315572;0,989403763;934;0,86
0,05336418;0,780940577;773;0,86
0,052506943;0,76291766;823;0,86
0,05195439;0,889787926;642;0,86
0,049428212;0,963912999;953;0,86
0,051728243;0,862602309;906;0,86
0,052065445;0,877890107;818;0,86
0,050469072;0,872061095;866;0,86
0,052028922;0,814393707;833;0,86
0,049078522;0,854566898;945;0,86
0,052606605;0,953845187;642;0,86
0,05491816;0,905894904;805;0,86
0,049331139;0,716236572;899;0,86
0,052497722;0,737375848;1017;0,86
0,041997544;0,793520487;925;0,86
0,047338967;0,699718132;882;0,86
0,050099616;0,903869196;935;0,86
0,042105959;0,763785323;1021;0,86
0,051968234;0,721389994;772;0,86
0,05195439;0,819066568;814;0,86
0,050093877;0,877890107;864;0,86
0,049331139;0,695112854;686;0,86
0,058517039;0,716221714;706;0,86
0,052318246;0,771469118;842;0,86
0,054601545;0,677395408;905;0,86
0,050469072;0,838656411;867;0,86
0,053375613;0,781296201;796;0,86
0,059851699;0,695508618;773;0,86
0,054511775;0,7624434;917;0,86
0,043146492;0,780940577;773;0,86
0,053981789;0,805435896;821;0,86
0,053981789;0,825971861;821;0,86
0,053654811;0,746821416;821;0,86
0,048879522;0,5943651;770;0,86
0,065575408;0,738999817;674;0,86
0,043671749;0,787404416;959;0,86
0,052593963;0,862339275;820;0,86
0,050611876;0,97533096;730;0,86
0,052288484;0,957826744;820;0,86
0,058174541;0,983983573;727;0,86
0,054950292;0,878836006;722;0,86
0,049737191;0,848841558;893;0,86
0,054905392;0,828752101;722;0,86
0,050759693;0,761053644;902;0,86
0,051979285;0,678700114;956;0,86
0,051260843;0,858956369;743;0,86
0,041997544;0,649175512;1115;0,86
0,053914682;0,856896428;723;0,86
0,053914682;0,878836006;723;0,86
0,047033882;0,898089305;1213;0,87
0,052497722;0,920435674;953;0,87
0,055037766;0,65041534;812;0,87
0,05471702;0,877890107;644;0,87
0,050240761;0,740681091;692;0,87
0,046736508;0,896984887;1249;0,87
0,055256565;0,830167418;821;0,87
0,058400216;0,850644208;851;0,87
0,052497722;0,834146467;953;0,87
0,059056145;0,919798201;753;0,87
0,054049844;0,954375901;744;0,87
0,054049844;0,925213327;744;0,87
0,042896664;0,714812626;1043;0,87
0,057261595;0,761579778;781;0,87
0,050737236;0,751061227;981;0,87
0,057615667;0,868418603;692;0,87
0,058572557;0,808317686;819;0,87
0,051979285;0,797788394;767;0,87
0,058653408;0,802824131;819;0,87
0,051979285;0,930450732;767;0,87
0,04990644;0,822645448;719;0,87
0,04990644;0,822645448;736;0,87
0,055281547;0,789133447;694;0,87
0,04990644;0,832198349;736;0,87
0,049331139;0,69782456;975;0,87
0,046445815;0,932120997;997;0,87
0,030437302;0,703015138;978;0,87
0,063779816;0,915483666;782;0,87
0,059490059;0,721284957;814;0,87
0,051065291;0,921113742;934;0,87
0,057261595;0,749203609;781;0,87
0,057261595;0,749203609;781;0,87
0,050144631;0,625040114;874;0,87
0,058652207;0,650969337;810;0,87
0,051770022;0,594499656;1054;0,87
0,04984954;0,930460041;797;0,87
0,050881907;0,745102385;847;0,87
0,050104118;0,888723736;906;0,87
0,053638029;0,877833392;881;0,87
0,054601736;0,907481686;846;0,87
0,046809236;0,786644683;956;0,87
0,058517938;0,642829611;898;0,87
0,051787168;0,843457813;836;0,87
0,050469072;0,981080749;726;0,87
0,058174541;0,665387369;934;0,87
0,058517938;0,642829611;1204;0,87
0,055315243;0,877068264;754;0,87
0,052476127;0,897926911;850;0,87
0,052264848;0,777880292;788;0,87
0,050469072;0,835059279;726;0,87
0,051594011;0,856151015;836;0,87
0,052476127;0,977496729;850;0,87
0,063887317;0,666689067;677;0,87
0,042896664;0,989403763;1043;0,87
0,045583806;0,903869196;949;0,87
0,047140478;0,785625871;813;0,87
0,047140478;0,80802747;813;0,87
0,047140478;0,858506222;813;0,87
0,049768026;0,952986823;798;0,87
0,042896664;0,88509722;1043;0,87
0,051819187;0,88509722;822;0,87
0,052882675;0,963873519;889;0,87
0,050645637;0,943303711;813;0,87
0,050697533;0,930450732;708;0,87
0,055315243;0,888446073;723;0,87
0,055315243;0,837399122;723;0,87
0,047585417;0,806402995;957;0,87
0,060556448;0,611128005;735;0,87
0,052318246;0,935237377;842;0,87
0,052318246;0,891593094;842;0,87
0,054604622;0,903869196;1172;0,87
0,054604622;0,903869196;1035;0,87
0,054601545;0,93967559;1144;0,87
0,054458243;0,95221908;978;0,87
0,05471702;0,877890107;945;0,87
0,054582365;0,999728922;1310;0,87
0,054601736;0,937453553;1137;0,87
0,054601545;0,845005208;958;0,87
0,055055946;0,759112339;953;0,87
0,054432584;0,903869196;949;0,87
0,054601736;0,84798069;1137;0,87
0,055143493;0,759112339;1181;0,87
0,054601545;0,81264138;1012;0,87
0,054367516;0,931906226;1060;0,87
0,054610078;0,788737834;937;0,87
0,054458243;0,862815779;987;0,87
0,05086829;0,940741939;962;0,87
0,054601736;0,991331549;1137;0,87
0,054288278;0,89873055;1238;0,87
0,0548431;0,951784052;1037;0,87
0,054590632;0,808317686;963;0,87
0,054306562;0,829112145;971;0,87
0,055143493;0,759112339;987;0,87
0,054306562;0,995857226;1036;0,87
0,054432584;0,808288229;949;0,87
0,053747038;0,799656538;819;0,87
0,054367516;0,876063699;1060;0,87
0,054920603;0,899551181;1074;0,87
0,054913659;0,900256685;1366;0,87
0,054367516;0,931183105;1060;0,87
0,054528085;0,885397143;943;0,87
0,054913659;0,900256685;957;0,87
0,054538616;0,810049794;1152;0,87
0,054601736;0,836887584;1049;0,87
0,054768737;0,823308555;938;0,87
0,05477863;0,788737834;937;0,87
0,054661542;0,943303711;1018;0,87
0,054286605;0,977873106;1238;0,87
0,05477863;0,957826744;835;0,87
0,054590632;0,821058061;1012;0,87
0,054601545;0,894445802;1007;0,87
0,054355387;0,787404416;951;0,87
0,054344525;0,971039665;1007;0,87
0,054986113;0,862815779;987;0,87
0,054607167;0,957167394;955;0,87
0,046809236;0,769511322;770;0,87
0,051811347;0,940741939;902;0,87
0,054306562;0,947994508;793;0,87
0,051882661;0,885939858;902;0,87
0,051882661;0,888723736;902;0,87
0,05491816;0,882763213;793;0,87
0,052007702;0,891593094;902;0,87
0,053019595;0,986742266;747;0,87
0,053019595;0,822578205;747;0,87
0,052371004;0,83631581;772;0,87
0,052371004;0,851762642;772;0,87
0,052371004;0,927740487;772;0,87
0,052493492;0,927740487;772;0,87
0,046809236;0,928588403;799;0,87
0,046809236;0,97533096;799;0,87
0,053594133;0,769533309;911;0,87
0,046809236;0,894602288;799;0,87
0,052267866;0,956132479;772;0,87
0,052369823;0,892232338;772;0,87
0,052493492;0,964590153;772;0,87
0,052267866;0,942527961;772;0,87
